<?xml version="1.0" encoding="UTF-8"?>
<!--
 This is a WordPress eXtended RSS file generated by WordPress as an export of your site.
 It contains information about your site's posts, pages, comments, categories, and other content.
 You may use this file to transfer that content from one site to another.
 This file is not intended to serve as a complete backup of your site.

 To import this information into a WordPress site follow these steps:
 1. Log in to that site as an administrator.
 2. Go to Tools: Import in the WordPress admin panel.
 3. Install the "WordPress" importer from the list.
 4. Activate & Run Importer.
 5. Upload this file using the form provided on that page.
 6. You will first be asked to map the authors in this export file to users
    on the site. For each author, you may choose to map to an
    existing user on the site or to create a new user.
 7. WordPress will then import each of the posts, pages, comments, categories, etc.
    contained in this file into your site.
-->
<!-- generator="WordPress.com" created="2024-08-04 03:33"-->
<rss version="2.0" xmlns:excerpt="http://wordpress.org/export/1.2/excerpt/" xmlns:content="http://purl.org/rss/1.0/modules/content/" xmlns:wfw="http://wellformedweb.org/CommentAPI/" xmlns:dc="http://purl.org/dc/elements/1.1/" xmlns:wp="http://wordpress.org/export/1.2/">
  <channel>
<title>Cafe.in</title>
<link>https://classicbicycles5925.wordpress.com</link>
<description>You can't buy happiness , but your bike can get you pretty close</description>
<pubDate>Sun, 04 Aug 2024 03:33:29 +0000</pubDate>
<language>en</language>
<wp:wxr_version>1.2</wp:wxr_version>
<wp:base_site_url>http://wordpress.com/</wp:base_site_url>
<wp:base_blog_url>https://classicbicycles5925.wordpress.com</wp:base_blog_url>
<wp:author>
  <wp:author_id>253854713</wp:author_id>
  <wp:author_login>vinithkumargofficial</wp:author_login>
  <wp:author_email>vinithkumarg.official@gmail.com</wp:author_email>
  <wp:author_display_name><![CDATA[Vinith Kumar G]]></wp:author_display_name>
  <wp:author_first_name><![CDATA[Vinith Kumar G]]></wp:author_first_name>
  <wp:author_last_name><![CDATA[]]></wp:author_last_name>
</wp:author>
<wp:category>
  <wp:term_id>1</wp:term_id>
  <wp:category_nicename>uncategorized</wp:category_nicename>
  <wp:category_parent/>
  <wp:cat_name><![CDATA[Uncategorized]]></wp:cat_name>
</wp:category>
<generator>http://wordpress.com/</generator>

<image>
	<url>https://classicbicycles5925.wordpress.com/wp-content/uploads/2024/08/cafe-icon.jpeg?w=24</url>
	<title>Cafe.in</title>
	<link>https://classicbicycles5925.wordpress.com</link>
	<width>32</width>
	<height>32</height>
</image> 
<item>
  <title><![CDATA[About]]></title>
  <link>https://classicbicycles5925.wordpress.com/about/</link>
  <pubDate>Thu, 01 Aug 2024 08:11:14 +0000</pubDate>
  <dc:creator>vinithkumargofficial</dc:creator>
  <guid isPermaLink="false">http://classicbicycles5925.wordpress.com/?page_id=1</guid>
  <description/>
  <content:encoded><![CDATA[<!-- wp:paragraph -->
<p>This is an example of a page. Unlike posts, which are displayed on your blog’s front page in the order they’re published, pages are better suited for more timeless content that you want to be easily accessible, like your About or Contact information. Click the Edit link to make changes to this page or <a title="Direct link to Add New Page in your Dashboard" href="https://wordpress.com/page/235624238/new/">add another page</a>.</p>
<!-- /wp:paragraph -->]]></content:encoded>
  <excerpt:encoded><![CDATA[]]></excerpt:encoded>
  <wp:post_id>1</wp:post_id>
  <wp:post_date>2024-08-01 08:11:14</wp:post_date>
  <wp:post_date_gmt>2024-08-01 08:11:14</wp:post_date_gmt>
  <wp:post_modified>2024-08-01 08:11:14</wp:post_modified>
  <wp:post_modified_gmt>2024-08-01 08:11:14</wp:post_modified_gmt>
  <wp:comment_status>closed</wp:comment_status>
  <wp:ping_status>open</wp:ping_status>
  <wp:post_name>about</wp:post_name>
  <wp:status>publish</wp:status>
  <wp:post_parent>0</wp:post_parent>
  <wp:menu_order>0</wp:menu_order>
  <wp:post_type>page</wp:post_type>
  <wp:post_password/>
  <wp:is_sticky>0</wp:is_sticky>
  <wp:postmeta>
    <wp:meta_key>_wp_page_template</wp:meta_key>
    <wp:meta_value><![CDATA[default]]></wp:meta_value>
  </wp:postmeta>
  <wp:postmeta>
    <wp:meta_key>_elasticsearch_data_sharing_indexed_on</wp:meta_key>
    <wp:meta_value><![CDATA[2024-08-01 08:11:21]]></wp:meta_value>
  </wp:postmeta>
  <wp:postmeta>
    <wp:meta_key>_last_editor_used_jetpack</wp:meta_key>
    <wp:meta_value><![CDATA[block-editor]]></wp:meta_value>
  </wp:postmeta>
</item>
<item>
  <title><![CDATA[Hello World!]]></title>
  <link>https://classicbicycles5925.wordpress.com/2024/08/01/hello-world/</link>
  <pubDate>Thu, 01 Aug 2024 08:06:14 +0000</pubDate>
  <dc:creator>vinithkumargofficial</dc:creator>
  <guid isPermaLink="false">https://classicbicycles5925.wordpress.com/2024/08/01/hello-world/</guid>
  <description/>
  <content:encoded><![CDATA[<!-- wp:paragraph -->
<p>Welcome to WordPress! This is your first post. Edit or delete it to take the first step in your blogging journey.</p>
<!-- /wp:paragraph -->]]></content:encoded>
  <excerpt:encoded><![CDATA[]]></excerpt:encoded>
  <wp:post_id>2</wp:post_id>
  <wp:post_date>2024-08-01 08:06:14</wp:post_date>
  <wp:post_date_gmt>2024-08-01 08:06:14</wp:post_date_gmt>
  <wp:post_modified>2024-08-01 08:06:14</wp:post_modified>
  <wp:post_modified_gmt>2024-08-01 08:06:14</wp:post_modified_gmt>
  <wp:comment_status>open</wp:comment_status>
  <wp:ping_status>open</wp:ping_status>
  <wp:post_name>hello-world</wp:post_name>
  <wp:status>publish</wp:status>
  <wp:post_parent>0</wp:post_parent>
  <wp:menu_order>0</wp:menu_order>
  <wp:post_type>post</wp:post_type>
  <wp:post_password/>
  <wp:is_sticky>0</wp:is_sticky>
  <category domain="category" nicename="uncategorized"><![CDATA[Uncategorized]]></category>
  <wp:postmeta>
    <wp:meta_key>_headstart_post</wp:meta_key>
    <wp:meta_value><![CDATA[_hs_extra]]></wp:meta_value>
  </wp:postmeta>
  <wp:postmeta>
    <wp:meta_key>sharing_disabled</wp:meta_key>
    <wp:meta_value><![CDATA[a:1:{i:0;N;}]]></wp:meta_value>
  </wp:postmeta>
  <wp:postmeta>
    <wp:meta_key>switch_like_status</wp:meta_key>
    <wp:meta_value><![CDATA[a:1:{i:0;N;}]]></wp:meta_value>
  </wp:postmeta>
  <wp:postmeta>
    <wp:meta_key>_starter_page_template</wp:meta_key>
    <wp:meta_value><![CDATA[]]></wp:meta_value>
  </wp:postmeta>
  <wp:postmeta>
    <wp:meta_key>_hs_old_id</wp:meta_key>
    <wp:meta_value><![CDATA[4]]></wp:meta_value>
  </wp:postmeta>
  <wp:postmeta>
    <wp:meta_key>_wpas_skip_all_services</wp:meta_key>
    <wp:meta_value><![CDATA[1]]></wp:meta_value>
  </wp:postmeta>
  <wp:postmeta>
    <wp:meta_key>_publicize_pending</wp:meta_key>
    <wp:meta_value><![CDATA[1]]></wp:meta_value>
  </wp:postmeta>
  <wp:postmeta>
    <wp:meta_key>_elasticsearch_data_sharing_indexed_on</wp:meta_key>
    <wp:meta_value><![CDATA[2024-08-01 08:11:15]]></wp:meta_value>
  </wp:postmeta>
</item>
<item>
  <title><![CDATA[Custom Styles]]></title>
  <link>https://classicbicycles5925.wordpress.com/2024/08/01/wp-global-styles-pub%2ftwentytwentyfour/</link>
  <pubDate>Thu, 01 Aug 2024 08:11:57 +0000</pubDate>
  <dc:creator>vinithkumargofficial</dc:creator>
  <guid isPermaLink="false">https://classicbicycles5925.wordpress.com/2024/08/01/wp-global-styles-pub%2ftwentytwentyfour/</guid>
  <description/>
  <content:encoded><![CDATA[{"version":3,"isGlobalStylesUserThemeJSON":true}]]></content:encoded>
  <excerpt:encoded><![CDATA[]]></excerpt:encoded>
  <wp:post_id>3</wp:post_id>
  <wp:post_date>2024-08-01 13:41:57</wp:post_date>
  <wp:post_date_gmt>2024-08-01 08:11:57</wp:post_date_gmt>
  <wp:post_modified>2024-08-01 13:41:57</wp:post_modified>
  <wp:post_modified_gmt>2024-08-01 08:11:57</wp:post_modified_gmt>
  <wp:comment_status>closed</wp:comment_status>
  <wp:ping_status>closed</wp:ping_status>
  <wp:post_name>wp-global-styles-pub%2ftwentytwentyfour</wp:post_name>
  <wp:status>publish</wp:status>
  <wp:post_parent>0</wp:post_parent>
  <wp:menu_order>0</wp:menu_order>
  <wp:post_type>wp_global_styles</wp:post_type>
  <wp:post_password/>
  <wp:is_sticky>0</wp:is_sticky>
  <category domain="wp_theme" nicename="twentytwentyfour"><![CDATA[twentytwentyfour]]></category>
  <wp:postmeta>
    <wp:meta_key>_publicize_pending</wp:meta_key>
    <wp:meta_value><![CDATA[1]]></wp:meta_value>
  </wp:postmeta>
</item>
<item>
  <title><![CDATA[Navigation]]></title>
  <link>https://classicbicycles5925.wordpress.com/2024/08/01/navigation-2/</link>
  <pubDate>Thu, 01 Aug 2024 08:12:23 +0000</pubDate>
  <dc:creator>vinithkumargofficial</dc:creator>
  <guid isPermaLink="false">https://classicbicycles5925.wordpress.com/2024/08/01/navigation/</guid>
  <description/>
  <content:encoded><![CDATA[<!-- wp:navigation-link {"label":"About","type":"page","id":1,"url":"https://classicbicycles5925.wordpress.com/about/","kind":"post-type"} /-->]]></content:encoded>
  <excerpt:encoded><![CDATA[]]></excerpt:encoded>
  <wp:post_id>4</wp:post_id>
  <wp:post_date>2024-08-01 13:42:23</wp:post_date>
  <wp:post_date_gmt>2024-08-01 08:12:23</wp:post_date_gmt>
  <wp:post_modified>2024-08-03 10:55:04</wp:post_modified>
  <wp:post_modified_gmt>2024-08-03 05:25:04</wp:post_modified_gmt>
  <wp:comment_status>closed</wp:comment_status>
  <wp:ping_status>closed</wp:ping_status>
  <wp:post_name>navigation-2</wp:post_name>
  <wp:status>publish</wp:status>
  <wp:post_parent>0</wp:post_parent>
  <wp:menu_order>0</wp:menu_order>
  <wp:post_type>wp_navigation</wp:post_type>
  <wp:post_password/>
  <wp:is_sticky>0</wp:is_sticky>
  <wp:postmeta>
    <wp:meta_key>_wp_old_slug</wp:meta_key>
    <wp:meta_value><![CDATA[navigation]]></wp:meta_value>
  </wp:postmeta>
</item>
<item>
  <title><![CDATA[Navigation]]></title>
  <link>https://classicbicycles5925.wordpress.com/2024/08/01/navigation/</link>
  <pubDate>Thu, 01 Aug 2024 08:12:23 +0000</pubDate>
  <dc:creator>vinithkumargofficial</dc:creator>
  <guid isPermaLink="false">https://classicbicycles5925.wordpress.com/2024/08/01/navigation/</guid>
  <description/>
  <content:encoded><![CDATA[<!-- wp:page-list /-->]]></content:encoded>
  <excerpt:encoded><![CDATA[]]></excerpt:encoded>
  <wp:post_id>5</wp:post_id>
  <wp:post_date>2024-08-01 13:42:23</wp:post_date>
  <wp:post_date_gmt>2024-08-01 08:12:23</wp:post_date_gmt>
  <wp:post_modified>2024-08-03 12:26:24</wp:post_modified>
  <wp:post_modified_gmt>2024-08-03 06:56:24</wp:post_modified_gmt>
  <wp:comment_status>closed</wp:comment_status>
  <wp:ping_status>closed</wp:ping_status>
  <wp:post_name>navigation</wp:post_name>
  <wp:status>publish</wp:status>
  <wp:post_parent>0</wp:post_parent>
  <wp:menu_order>0</wp:menu_order>
  <wp:post_type>wp_navigation</wp:post_type>
  <wp:post_password/>
  <wp:is_sticky>0</wp:is_sticky>
</item>
<item>
  <title><![CDATA[image]]></title>
  <link>https://classicbicycles5925.wordpress.com/image/</link>
  <pubDate>Thu, 01 Aug 2024 10:47:04 +0000</pubDate>
  <dc:creator>vinithkumargofficial</dc:creator>
  <guid isPermaLink="false">http://classicbicycles5925.files.wordpress.com/2024/08/image.jpeg</guid>
  <description/>
  <content:encoded><![CDATA[]]></content:encoded>
  <excerpt:encoded><![CDATA[]]></excerpt:encoded>
  <wp:post_id>6</wp:post_id>
  <wp:post_date>2024-08-01 16:17:04</wp:post_date>
  <wp:post_date_gmt>2024-08-01 10:47:04</wp:post_date_gmt>
  <wp:post_modified>2024-08-01 16:17:04</wp:post_modified>
  <wp:post_modified_gmt>2024-08-01 10:47:04</wp:post_modified_gmt>
  <wp:comment_status>open</wp:comment_status>
  <wp:ping_status>closed</wp:ping_status>
  <wp:post_name>image</wp:post_name>
  <wp:status>inherit</wp:status>
  <wp:post_parent>0</wp:post_parent>
  <wp:menu_order>0</wp:menu_order>
  <wp:post_type>attachment</wp:post_type>
  <wp:post_password/>
  <wp:is_sticky>0</wp:is_sticky>
  <wp:attachment_url>https://classicbicycles5925.wordpress.com/wp-content/uploads/2024/08/image.jpeg</wp:attachment_url>
  <wp:postmeta>
    <wp:meta_key>_wp_attached_file</wp:meta_key>
    <wp:meta_value><![CDATA[/home/wpcom/public_html/wp-content/blogs.dir/6a4/235624238/files/2024/08/image.jpeg]]></wp:meta_value>
  </wp:postmeta>
  <wp:postmeta>
    <wp:meta_key>_wp_attachment_metadata</wp:meta_key>
    <wp:meta_value><![CDATA[a:6:{s:5:"width";i:211;s:6:"height";i:234;s:4:"file";s:83:"/home/wpcom/public_html/wp-content/blogs.dir/6a4/235624238/files/2024/08/image.jpeg";s:8:"filesize";i:2809;s:5:"sizes";a:0:{}s:10:"image_meta";a:12:{s:8:"aperture";s:1:"0";s:6:"credit";s:0:"";s:6:"camera";s:0:"";s:7:"caption";s:0:"";s:17:"created_timestamp";s:1:"0";s:9:"copyright";s:0:"";s:12:"focal_length";s:1:"0";s:3:"iso";s:1:"0";s:13:"shutter_speed";s:1:"0";s:5:"title";s:0:"";s:11:"orientation";s:1:"0";s:8:"keywords";a:0:{}}}]]></wp:meta_value>
  </wp:postmeta>
</item>
<item>
  <title><![CDATA[OIP]]></title>
  <link>https://classicbicycles5925.wordpress.com/oip/</link>
  <pubDate>Thu, 01 Aug 2024 14:00:40 +0000</pubDate>
  <dc:creator>vinithkumargofficial</dc:creator>
  <guid isPermaLink="false">http://classicbicycles5925.files.wordpress.com/2024/08/oip.jpeg</guid>
  <description/>
  <content:encoded><![CDATA[]]></content:encoded>
  <excerpt:encoded><![CDATA[]]></excerpt:encoded>
  <wp:post_id>7</wp:post_id>
  <wp:post_date>2024-08-01 19:30:40</wp:post_date>
  <wp:post_date_gmt>2024-08-01 14:00:40</wp:post_date_gmt>
  <wp:post_modified>2024-08-01 19:30:40</wp:post_modified>
  <wp:post_modified_gmt>2024-08-01 14:00:40</wp:post_modified_gmt>
  <wp:comment_status>open</wp:comment_status>
  <wp:ping_status>closed</wp:ping_status>
  <wp:post_name>oip</wp:post_name>
  <wp:status>inherit</wp:status>
  <wp:post_parent>0</wp:post_parent>
  <wp:menu_order>0</wp:menu_order>
  <wp:post_type>attachment</wp:post_type>
  <wp:post_password/>
  <wp:is_sticky>0</wp:is_sticky>
  <wp:attachment_url>https://classicbicycles5925.wordpress.com/wp-content/uploads/2024/08/oip.jpeg</wp:attachment_url>
  <wp:postmeta>
    <wp:meta_key>_wp_attached_file</wp:meta_key>
    <wp:meta_value><![CDATA[/home/wpcom/public_html/wp-content/blogs.dir/6a4/235624238/files/2024/08/oip.jpeg]]></wp:meta_value>
  </wp:postmeta>
  <wp:postmeta>
    <wp:meta_key>_wp_attachment_metadata</wp:meta_key>
    <wp:meta_value><![CDATA[a:6:{s:5:"width";i:210;s:6:"height";i:234;s:4:"file";s:81:"/home/wpcom/public_html/wp-content/blogs.dir/6a4/235624238/files/2024/08/oip.jpeg";s:8:"filesize";i:4078;s:5:"sizes";a:0:{}s:10:"image_meta";a:12:{s:8:"aperture";s:1:"0";s:6:"credit";s:0:"";s:6:"camera";s:0:"";s:7:"caption";s:0:"";s:17:"created_timestamp";s:1:"0";s:9:"copyright";s:0:"";s:12:"focal_length";s:1:"0";s:3:"iso";s:1:"0";s:13:"shutter_speed";s:1:"0";s:5:"title";s:0:"";s:11:"orientation";s:1:"0";s:8:"keywords";a:0:{}}}]]></wp:meta_value>
  </wp:postmeta>
</item>
<item>
  <title><![CDATA[grey white clouds]]></title>
  <link>https://classicbicycles5925.wordpress.com/clouds-cloudporn-weather-lookup-158163/</link>
  <pubDate>Thu, 01 Aug 2024 16:49:59 +0000</pubDate>
  <dc:creator>vinithkumargofficial</dc:creator>
  <guid isPermaLink="false">http://classicbicycles5925.files.wordpress.com/2024/08/clouds-cloudporn-weather-lookup-158163.jpeg</guid>
  <description/>
  <content:encoded><![CDATA[]]></content:encoded>
  <excerpt:encoded><![CDATA[Photo by Pixabay on <a href="https://www.pexels.com/photo/grey-white-clouds-158163/" rel="nofollow">Pexels.com</a>]]></excerpt:encoded>
  <wp:post_id>8</wp:post_id>
  <wp:post_date>2024-08-01 22:19:59</wp:post_date>
  <wp:post_date_gmt>2024-08-01 16:49:59</wp:post_date_gmt>
  <wp:post_modified>2024-08-01 22:19:59</wp:post_modified>
  <wp:post_modified_gmt>2024-08-01 16:49:59</wp:post_modified_gmt>
  <wp:comment_status>open</wp:comment_status>
  <wp:ping_status>closed</wp:ping_status>
  <wp:post_name>clouds-cloudporn-weather-lookup-158163</wp:post_name>
  <wp:status>inherit</wp:status>
  <wp:post_parent>0</wp:post_parent>
  <wp:menu_order>0</wp:menu_order>
  <wp:post_type>attachment</wp:post_type>
  <wp:post_password/>
  <wp:is_sticky>0</wp:is_sticky>
  <wp:attachment_url>https://classicbicycles5925.wordpress.com/wp-content/uploads/2024/08/clouds-cloudporn-weather-lookup-158163.jpeg</wp:attachment_url>
  <wp:postmeta>
    <wp:meta_key>_wp_attached_file</wp:meta_key>
    <wp:meta_value><![CDATA[/home/wpcom/public_html/wp-content/blogs.dir/6a4/235624238/files/2024/08/clouds-cloudporn-weather-lookup-158163.jpeg]]></wp:meta_value>
  </wp:postmeta>
  <wp:postmeta>
    <wp:meta_key>_wp_attachment_metadata</wp:meta_key>
    <wp:meta_value><![CDATA[a:6:{s:5:"width";i:1880;s:6:"height";i:1058;s:4:"file";s:116:"/home/wpcom/public_html/wp-content/blogs.dir/6a4/235624238/files/2024/08/clouds-cloudporn-weather-lookup-158163.jpeg";s:8:"filesize";i:115347;s:5:"sizes";a:0:{}s:10:"image_meta";a:12:{s:8:"aperture";s:1:"0";s:6:"credit";s:0:"";s:6:"camera";s:0:"";s:7:"caption";s:0:"";s:17:"created_timestamp";s:1:"0";s:9:"copyright";s:0:"";s:12:"focal_length";s:1:"0";s:3:"iso";s:1:"0";s:13:"shutter_speed";s:1:"0";s:5:"title";s:0:"";s:11:"orientation";s:1:"0";s:8:"keywords";a:0:{}}}]]></wp:meta_value>
  </wp:postmeta>
</item>
<item>
  <title><![CDATA[Site Logo]]></title>
  <link>https://classicbicycles5925.wordpress.com/oip-2/</link>
  <pubDate>Thu, 01 Aug 2024 16:54:42 +0000</pubDate>
  <dc:creator>vinithkumargofficial</dc:creator>
  <guid isPermaLink="false">http://classicbicycles5925.files.wordpress.com/2024/08/oip-1.jpeg</guid>
  <description/>
  <content:encoded><![CDATA[]]></content:encoded>
  <excerpt:encoded><![CDATA[]]></excerpt:encoded>
  <wp:post_id>9</wp:post_id>
  <wp:post_date>2024-08-01 22:24:42</wp:post_date>
  <wp:post_date_gmt>2024-08-01 16:54:42</wp:post_date_gmt>
  <wp:post_modified>2024-08-01 22:25:04</wp:post_modified>
  <wp:post_modified_gmt>2024-08-01 16:55:04</wp:post_modified_gmt>
  <wp:comment_status>open</wp:comment_status>
  <wp:ping_status>closed</wp:ping_status>
  <wp:post_name>oip-2</wp:post_name>
  <wp:status>inherit</wp:status>
  <wp:post_parent>0</wp:post_parent>
  <wp:menu_order>0</wp:menu_order>
  <wp:post_type>attachment</wp:post_type>
  <wp:post_password/>
  <wp:is_sticky>0</wp:is_sticky>
  <wp:attachment_url>https://classicbicycles5925.wordpress.com/wp-content/uploads/2024/08/oip-1.jpeg</wp:attachment_url>
  <wp:postmeta>
    <wp:meta_key>_wp_attached_file</wp:meta_key>
    <wp:meta_value><![CDATA[/home/wpcom/public_html/wp-content/blogs.dir/6a4/235624238/files/2024/08/oip-1.jpeg]]></wp:meta_value>
  </wp:postmeta>
  <wp:postmeta>
    <wp:meta_key>_wp_attachment_metadata</wp:meta_key>
    <wp:meta_value><![CDATA[a:6:{s:5:"width";i:210;s:6:"height";i:234;s:4:"file";s:83:"/home/wpcom/public_html/wp-content/blogs.dir/6a4/235624238/files/2024/08/oip-1.jpeg";s:8:"filesize";i:4078;s:5:"sizes";a:0:{}s:10:"image_meta";a:12:{s:8:"aperture";s:1:"0";s:6:"credit";s:0:"";s:6:"camera";s:0:"";s:7:"caption";s:0:"";s:17:"created_timestamp";s:1:"0";s:9:"copyright";s:0:"";s:12:"focal_length";s:1:"0";s:3:"iso";s:1:"0";s:13:"shutter_speed";s:1:"0";s:5:"title";s:0:"";s:11:"orientation";s:1:"0";s:8:"keywords";a:0:{}}}]]></wp:meta_value>
  </wp:postmeta>
</item>
<item>
  <title><![CDATA[Header]]></title>
  <link>https://classicbicycles5925.wordpress.com/2024/08/02/header/</link>
  <pubDate>Fri, 02 Aug 2024 03:48:47 +0000</pubDate>
  <dc:creator>vinithkumargofficial</dc:creator>
  <guid isPermaLink="false">https://classicbicycles5925.wordpress.com/2024/08/02/header/</guid>
  <description/>
  <content:encoded><![CDATA[<!-- wp:group {"align":"wide","style":{"spacing":{"padding":{"top":"20px","bottom":"20px"}}},"backgroundColor":"base","layout":{"type":"constrained"}} -->
<div class="wp-block-group alignwide has-base-background-color has-background" style="padding-top:20px;padding-bottom:20px"><!-- wp:group {"align":"wide","layout":{"type":"flex","justifyContent":"space-between","flexWrap":"wrap"}} -->
<div class="wp-block-group alignwide"><!-- wp:group {"style":{"spacing":{"blockGap":"var:preset|spacing|20"},"layout":{"selfStretch":"fit","flexSize":null}},"layout":{"type":"flex"}} -->
<div class="wp-block-group"><!-- wp:site-logo {"width":49,"shouldSyncIcon":true} /-->

<!-- wp:group {"style":{"spacing":{"blockGap":"0px"}}} -->
<div class="wp-block-group"><!-- wp:site-title {"level":0} /--></div>
<!-- /wp:group --></div>
<!-- /wp:group -->

<!-- wp:navigation {"ref":5,"style":{"spacing":{"margin":{"top":"0"},"blockGap":"var:preset|spacing|20"},"layout":{"selfStretch":"fit","flexSize":null}},"layout":{"type":"flex","justifyContent":"right","orientation":"horizontal"}} /--></div>
<!-- /wp:group --></div>
<!-- /wp:group -->]]></content:encoded>
  <excerpt:encoded><![CDATA[]]></excerpt:encoded>
  <wp:post_id>10</wp:post_id>
  <wp:post_date>2024-08-02 09:18:47</wp:post_date>
  <wp:post_date_gmt>2024-08-02 03:48:47</wp:post_date_gmt>
  <wp:post_modified>2024-08-03 12:26:24</wp:post_modified>
  <wp:post_modified_gmt>2024-08-03 06:56:24</wp:post_modified_gmt>
  <wp:comment_status>closed</wp:comment_status>
  <wp:ping_status>closed</wp:ping_status>
  <wp:post_name>header</wp:post_name>
  <wp:status>publish</wp:status>
  <wp:post_parent>0</wp:post_parent>
  <wp:menu_order>0</wp:menu_order>
  <wp:post_type>wp_template_part</wp:post_type>
  <wp:post_password/>
  <wp:is_sticky>0</wp:is_sticky>
  <category domain="wp_template_part_area" nicename="header"><![CDATA[header]]></category>
  <category domain="wp_theme" nicename="twentytwentyfour"><![CDATA[twentytwentyfour]]></category>
  <wp:postmeta>
    <wp:meta_key>origin</wp:meta_key>
    <wp:meta_value><![CDATA[theme]]></wp:meta_value>
  </wp:postmeta>
  <wp:postmeta>
    <wp:meta_key>_publicize_pending</wp:meta_key>
    <wp:meta_value><![CDATA[1]]></wp:meta_value>
  </wp:postmeta>
</item>
<item>
  <title><![CDATA[Store]]></title>
  <link>https://classicbicycles5925.wordpress.com/?page_id=12</link>
  <pubDate>Sat, 03 Aug 2024 05:13:42 +0000</pubDate>
  <dc:creator>vinithkumargofficial</dc:creator>
  <guid isPermaLink="false">https://classicbicycles5925.wordpress.com/?page_id=12</guid>
  <description/>
  <content:encoded><![CDATA[<!-- wp:group {"metadata":{"name":"Page Title"},"align":"full","style":{"spacing":{"padding":{"top":"calc( 0.5 * var(\u002d\u002dwp\u002d\u002dstyle\u002d\u002droot\u002d\u002dpadding-right, var(\u002d\u002dwp\u002d\u002dcustom\u002d\u002dgap\u002d\u002dhorizontal)))","bottom":"calc( 0.5 * var(\u002d\u002dwp\u002d\u002dstyle\u002d\u002droot\u002d\u002dpadding-right, var(\u002d\u002dwp\u002d\u002dcustom\u002d\u002dgap\u002d\u002dhorizontal)))","left":"var(\u002d\u002dwp\u002d\u002dstyle\u002d\u002droot\u002d\u002dpadding-left, var(\u002d\u002dwp\u002d\u002dcustom\u002d\u002dgap\u002d\u002dhorizontal))","right":"var(\u002d\u002dwp\u002d\u002dstyle\u002d\u002droot\u002d\u002dpadding-right, var(\u002d\u002dwp\u002d\u002dcustom\u002d\u002dgap\u002d\u002dhorizontal))"},"margin":{"top":"0","bottom":"0"}}},"layout":{"type":"constrained","justifyContent":"center"}} -->
<div class="wp-block-group alignfull" style="margin-top:0;margin-bottom:0;padding-top:calc( 0.5 * var(--wp--style--root--padding-right, var(--wp--custom--gap--horizontal)));padding-right:var(--wp--style--root--padding-right, var(--wp--custom--gap--horizontal));padding-bottom:calc( 0.5 * var(--wp--style--root--padding-right, var(--wp--custom--gap--horizontal)));padding-left:var(--wp--style--root--padding-left, var(--wp--custom--gap--horizontal))"><!-- wp:spacer {"height":"calc( 0.25 * var(\u002d\u002dwp\u002d\u002dstyle\u002d\u002droot\u002d\u002dpadding-right, var(\u002d\u002dwp\u002d\u002dcustom\u002d\u002dgap\u002d\u002dhorizontal)))"} -->
<div style="height:calc( 0.25 * var(--wp--style--root--padding-right, var(--wp--custom--gap--horizontal)))" aria-hidden="true" class="wp-block-spacer"></div>
<!-- /wp:spacer -->

<!-- wp:columns {"align":"wide","style":{"spacing":{"blockGap":{"top":"var:preset|spacing|20","left":"var:preset|spacing|20"}}}} -->
<div class="wp-block-columns alignwide"><!-- wp:column {"width":"50%","style":{"spacing":{"blockGap":"var:preset|spacing|20"}}} -->
<div class="wp-block-column" style="flex-basis:50%"><!-- wp:heading -->
<h2 class="wp-block-heading">Store</h2>
<!-- /wp:heading --></div>
<!-- /wp:column -->

<!-- wp:column {"width":"50%"} -->
<div class="wp-block-column" style="flex-basis:50%"><!-- wp:paragraph -->
<p>Welcome to a world of limitless possibilities, where the journey is as exhilarating as the destination, and where every moment is an opportunity to make your mark on the canvas of existence. The only limit is the extent of your imagination.</p>
<!-- /wp:paragraph --></div>
<!-- /wp:column --></div>
<!-- /wp:columns -->

<!-- wp:spacer {"height":"calc( 0.25 * var(\u002d\u002dwp\u002d\u002dstyle\u002d\u002droot\u002d\u002dpadding-right, var(\u002d\u002dwp\u002d\u002dcustom\u002d\u002dgap\u002d\u002dhorizontal)))"} -->
<div style="height:calc( 0.25 * var(--wp--style--root--padding-right, var(--wp--custom--gap--horizontal)))" aria-hidden="true" class="wp-block-spacer"></div>
<!-- /wp:spacer --></div>
<!-- /wp:group -->

<!-- wp:group {"metadata":{"name":"Store"},"align":"full","style":{"spacing":{"padding":{"top":"calc( 0.5 * var(\u002d\u002dwp\u002d\u002dstyle\u002d\u002droot\u002d\u002dpadding-right, var(\u002d\u002dwp\u002d\u002dcustom\u002d\u002dgap\u002d\u002dhorizontal)))","bottom":"calc( 0.5 * var(\u002d\u002dwp\u002d\u002dstyle\u002d\u002droot\u002d\u002dpadding-right, var(\u002d\u002dwp\u002d\u002dcustom\u002d\u002dgap\u002d\u002dhorizontal)))","left":"var(\u002d\u002dwp\u002d\u002dstyle\u002d\u002droot\u002d\u002dpadding-left, var(\u002d\u002dwp\u002d\u002dcustom\u002d\u002dgap\u002d\u002dhorizontal))","right":"var(\u002d\u002dwp\u002d\u002dstyle\u002d\u002droot\u002d\u002dpadding-right, var(\u002d\u002dwp\u002d\u002dcustom\u002d\u002dgap\u002d\u002dhorizontal))"},"margin":{"top":"0","bottom":"0"}}},"layout":{"type":"constrained","justifyContent":"center"}} -->
<div class="wp-block-group alignfull" style="margin-top:0;margin-bottom:0;padding-top:calc( 0.5 * var(--wp--style--root--padding-right, var(--wp--custom--gap--horizontal)));padding-right:var(--wp--style--root--padding-right, var(--wp--custom--gap--horizontal));padding-bottom:calc( 0.5 * var(--wp--style--root--padding-right, var(--wp--custom--gap--horizontal)));padding-left:var(--wp--style--root--padding-left, var(--wp--custom--gap--horizontal))"><!-- wp:spacer {"height":"0px"} -->
<div style="height:0px" aria-hidden="true" class="wp-block-spacer"></div>
<!-- /wp:spacer -->

<!-- wp:columns {"metadata":{"name":"Product Grid"},"align":"wide","style":{"spacing":{"blockGap":{"top":"var:preset|spacing|50","left":"var:preset|spacing|30"}}}} -->
<div class="wp-block-columns alignwide"><!-- wp:column -->
<div class="wp-block-column"><!-- wp:image {"id":13707,"aspectRatio":"3/4","scale":"cover","sizeSlug":"full","linkDestination":"none","style":{"color":[]}} -->
<figure class="wp-block-image size-full"><img src="https://dotcompatterns.files.wordpress.com/2024/01/paint-tall-alt.jpg" alt="" class="wp-image-13707" style="aspect-ratio:3/4;object-fit:cover" /></figure>
<!-- /wp:image -->

<!-- wp:heading {"textAlign":"center","level":3,"fontSize":"medium"} -->
<h3 class="wp-block-heading has-text-align-center has-medium-font-size">Product category</h3>
<!-- /wp:heading --></div>
<!-- /wp:column -->

<!-- wp:column -->
<div class="wp-block-column"><!-- wp:image {"id":13699,"aspectRatio":"3/4","scale":"cover","sizeSlug":"full","linkDestination":"none","style":{"color":[]}} -->
<figure class="wp-block-image size-full"><img src="https://dotcompatterns.files.wordpress.com/2024/01/paint-tall.jpg" alt="" class="wp-image-13699" style="aspect-ratio:3/4;object-fit:cover" /></figure>
<!-- /wp:image -->

<!-- wp:heading {"textAlign":"center","level":3,"fontSize":"medium"} -->
<h3 class="wp-block-heading has-text-align-center has-medium-font-size">Product category</h3>
<!-- /wp:heading --></div>
<!-- /wp:column -->

<!-- wp:column -->
<div class="wp-block-column"><!-- wp:image {"id":13707,"aspectRatio":"3/4","scale":"cover","sizeSlug":"full","linkDestination":"none","style":{"color":[]}} -->
<figure class="wp-block-image size-full"><img src="https://dotcompatterns.files.wordpress.com/2024/01/paint-tall-alt.jpg" alt="" class="wp-image-13707" style="aspect-ratio:3/4;object-fit:cover" /></figure>
<!-- /wp:image -->

<!-- wp:heading {"textAlign":"center","level":3,"fontSize":"medium"} -->
<h3 class="wp-block-heading has-text-align-center has-medium-font-size">Product category</h3>
<!-- /wp:heading --></div>
<!-- /wp:column --></div>
<!-- /wp:columns -->

<!-- wp:spacer {"height":"var:preset|spacing|30"} -->
<div style="height:var(--wp--preset--spacing--30)" aria-hidden="true" class="wp-block-spacer"></div>
<!-- /wp:spacer -->

<!-- wp:columns {"metadata":{"name":"Product Grid"},"align":"wide","style":{"spacing":{"blockGap":{"top":"var:preset|spacing|50","left":"var:preset|spacing|30"}}}} -->
<div class="wp-block-columns alignwide"><!-- wp:column -->
<div class="wp-block-column"><!-- wp:image {"id":13707,"aspectRatio":"3/4","scale":"cover","sizeSlug":"full","linkDestination":"none","style":{"color":[]}} -->
<figure class="wp-block-image size-full"><img src="https://dotcompatterns.files.wordpress.com/2024/01/paint-tall-alt.jpg" alt="" class="wp-image-13707" style="aspect-ratio:3/4;object-fit:cover" /></figure>
<!-- /wp:image -->

<!-- wp:heading {"textAlign":"center","level":3,"fontSize":"medium"} -->
<h3 class="wp-block-heading has-text-align-center has-medium-font-size">Product category</h3>
<!-- /wp:heading --></div>
<!-- /wp:column -->

<!-- wp:column -->
<div class="wp-block-column"><!-- wp:image {"id":13699,"aspectRatio":"3/4","scale":"cover","sizeSlug":"full","linkDestination":"none","style":{"color":[]}} -->
<figure class="wp-block-image size-full"><img src="https://dotcompatterns.files.wordpress.com/2024/01/paint-tall.jpg" alt="" class="wp-image-13699" style="aspect-ratio:3/4;object-fit:cover" /></figure>
<!-- /wp:image -->

<!-- wp:heading {"textAlign":"center","level":3,"fontSize":"medium"} -->
<h3 class="wp-block-heading has-text-align-center has-medium-font-size">Product category</h3>
<!-- /wp:heading --></div>
<!-- /wp:column -->

<!-- wp:column -->
<div class="wp-block-column"><!-- wp:image {"id":13707,"aspectRatio":"3/4","scale":"cover","sizeSlug":"full","linkDestination":"none","style":{"color":[]}} -->
<figure class="wp-block-image size-full"><img src="https://dotcompatterns.files.wordpress.com/2024/01/paint-tall-alt.jpg" alt="" class="wp-image-13707" style="aspect-ratio:3/4;object-fit:cover" /></figure>
<!-- /wp:image -->

<!-- wp:heading {"textAlign":"center","level":3,"fontSize":"medium"} -->
<h3 class="wp-block-heading has-text-align-center has-medium-font-size">Product category</h3>
<!-- /wp:heading --></div>
<!-- /wp:column --></div>
<!-- /wp:columns -->

<!-- wp:spacer {"height":"var:preset|spacing|30"} -->
<div style="height:var(--wp--preset--spacing--30)" aria-hidden="true" class="wp-block-spacer"></div>
<!-- /wp:spacer --></div>
<!-- /wp:group -->

<!-- wp:group {"metadata":{"name":"Store"},"align":"full","style":{"spacing":{"padding":{"top":"calc( 0.5 * var(\u002d\u002dwp\u002d\u002dstyle\u002d\u002droot\u002d\u002dpadding-right, var(\u002d\u002dwp\u002d\u002dcustom\u002d\u002dgap\u002d\u002dhorizontal)))","bottom":"calc( 0.5 * var(\u002d\u002dwp\u002d\u002dstyle\u002d\u002droot\u002d\u002dpadding-right, var(\u002d\u002dwp\u002d\u002dcustom\u002d\u002dgap\u002d\u002dhorizontal)))","left":"var(\u002d\u002dwp\u002d\u002dstyle\u002d\u002droot\u002d\u002dpadding-left, var(\u002d\u002dwp\u002d\u002dcustom\u002d\u002dgap\u002d\u002dhorizontal))","right":"var(\u002d\u002dwp\u002d\u002dstyle\u002d\u002droot\u002d\u002dpadding-right, var(\u002d\u002dwp\u002d\u002dcustom\u002d\u002dgap\u002d\u002dhorizontal))"},"margin":{"top":"0","bottom":"0"}}},"layout":{"type":"constrained","justifyContent":"center"}} -->
<div class="wp-block-group alignfull" style="margin-top:0;margin-bottom:0;padding-top:calc( 0.5 * var(--wp--style--root--padding-right, var(--wp--custom--gap--horizontal)));padding-right:var(--wp--style--root--padding-right, var(--wp--custom--gap--horizontal));padding-bottom:calc( 0.5 * var(--wp--style--root--padding-right, var(--wp--custom--gap--horizontal)));padding-left:var(--wp--style--root--padding-left, var(--wp--custom--gap--horizontal))"><!-- wp:spacer {"height":"calc( 0.25 * var(\u002d\u002dwp\u002d\u002dstyle\u002d\u002droot\u002d\u002dpadding-right, var(\u002d\u002dwp\u002d\u002dcustom\u002d\u002dgap\u002d\u002dhorizontal)))"} -->
<div style="height:calc( 0.25 * var(--wp--style--root--padding-right, var(--wp--custom--gap--horizontal)))" aria-hidden="true" class="wp-block-spacer"></div>
<!-- /wp:spacer -->

<!-- wp:columns {"verticalAlignment":"center","align":"wide"} -->
<div class="wp-block-columns alignwide are-vertically-aligned-center"><!-- wp:column {"verticalAlignment":"center"} -->
<div class="wp-block-column is-vertically-aligned-center"><!-- wp:image {"id":13707,"aspectRatio":"1","scale":"cover","sizeSlug":"full","linkDestination":"none"} -->
<figure class="wp-block-image size-full"><img src="https://dotcompatterns.files.wordpress.com/2024/01/paint-tall-alt.jpg" alt="" class="wp-image-13707" style="aspect-ratio:1;object-fit:cover" /></figure>
<!-- /wp:image --></div>
<!-- /wp:column -->

<!-- wp:column {"verticalAlignment":"center"} -->
<div class="wp-block-column is-vertically-aligned-center"><!-- wp:heading {"align":"wide"} -->
<h2 class="wp-block-heading alignwide">Product</h2>
<!-- /wp:heading -->

<!-- wp:paragraph -->
<p>$40.00</p>
<!-- /wp:paragraph -->

<!-- wp:paragraph -->
<p>Navigating life's intricate fabric, choices unfold paths to the extraordinary, demanding creativity, curiosity, and courage for a truly fulfilling journey.</p>
<!-- /wp:paragraph -->

<!-- wp:spacer {"height":"var:preset|spacing|10"} -->
<div style="height:var(--wp--preset--spacing--10)" aria-hidden="true" class="wp-block-spacer"></div>
<!-- /wp:spacer -->

<!-- wp:buttons -->
<div class="wp-block-buttons"><!-- wp:button -->
<div class="wp-block-button"><a class="wp-block-button__link wp-element-button">Shop Now</a></div>
<!-- /wp:button --></div>
<!-- /wp:buttons --></div>
<!-- /wp:column --></div>
<!-- /wp:columns -->

<!-- wp:spacer {"height":"calc( 0.25 * var(\u002d\u002dwp\u002d\u002dstyle\u002d\u002droot\u002d\u002dpadding-right, var(\u002d\u002dwp\u002d\u002dcustom\u002d\u002dgap\u002d\u002dhorizontal)))"} -->
<div style="height:calc( 0.25 * var(--wp--style--root--padding-right, var(--wp--custom--gap--horizontal)))" aria-hidden="true" class="wp-block-spacer"></div>
<!-- /wp:spacer --></div>
<!-- /wp:group -->

<!-- wp:group {"metadata":{"name":"Reviews"},"align":"full","style":{"spacing":{"padding":{"top":"calc( 0.5 * var(\u002d\u002dwp\u002d\u002dstyle\u002d\u002droot\u002d\u002dpadding-right, var(\u002d\u002dwp\u002d\u002dcustom\u002d\u002dgap\u002d\u002dhorizontal)))","bottom":"calc( 0.5 * var(\u002d\u002dwp\u002d\u002dstyle\u002d\u002droot\u002d\u002dpadding-right, var(\u002d\u002dwp\u002d\u002dcustom\u002d\u002dgap\u002d\u002dhorizontal)))","left":"var(\u002d\u002dwp\u002d\u002dstyle\u002d\u002droot\u002d\u002dpadding-left, var(\u002d\u002dwp\u002d\u002dcustom\u002d\u002dgap\u002d\u002dhorizontal))","right":"var(\u002d\u002dwp\u002d\u002dstyle\u002d\u002droot\u002d\u002dpadding-right, var(\u002d\u002dwp\u002d\u002dcustom\u002d\u002dgap\u002d\u002dhorizontal))"},"margin":{"top":"0","bottom":"0"}}},"layout":{"type":"constrained","justifyContent":"center","contentSize":"900px"}} -->
<div class="wp-block-group alignfull" style="margin-top:0;margin-bottom:0;padding-top:calc( 0.5 * var(--wp--style--root--padding-right, var(--wp--custom--gap--horizontal)));padding-right:var(--wp--style--root--padding-right, var(--wp--custom--gap--horizontal));padding-bottom:calc( 0.5 * var(--wp--style--root--padding-right, var(--wp--custom--gap--horizontal)));padding-left:var(--wp--style--root--padding-left, var(--wp--custom--gap--horizontal))"><!-- wp:spacer {"height":"calc( 0.25 * var(\u002d\u002dwp\u002d\u002dstyle\u002d\u002droot\u002d\u002dpadding-right, var(\u002d\u002dwp\u002d\u002dcustom\u002d\u002dgap\u002d\u002dhorizontal)))"} -->
<div style="height:calc( 0.25 * var(--wp--style--root--padding-right, var(--wp--custom--gap--horizontal)))" aria-hidden="true" class="wp-block-spacer"></div>
<!-- /wp:spacer -->

<!-- wp:group {"align":"wide","layout":{"type":"constrained"}} -->
<div class="wp-block-group alignwide"><!-- wp:heading {"textAlign":"center","align":"wide"} -->
<h2 class="wp-block-heading alignwide has-text-align-center">Reviews</h2>
<!-- /wp:heading --></div>
<!-- /wp:group -->

<!-- wp:spacer {"height":"var:preset|spacing|20"} -->
<div style="height:var(--wp--preset--spacing--20)" aria-hidden="true" class="wp-block-spacer"></div>
<!-- /wp:spacer -->

<!-- wp:columns {"align":"wide","style":{"spacing":{"blockGap":{"top":"var:preset|spacing|50","left":"var:preset|spacing|30"}}}} -->
<div class="wp-block-columns alignwide"><!-- wp:column {"style":{"spacing":{"padding":{"top":"0","bottom":"0","left":"var:preset|spacing|10","right":"var:preset|spacing|10"}}}} -->
<div class="wp-block-column" style="padding-top:0;padding-right:var(--wp--preset--spacing--10);padding-bottom:0;padding-left:var(--wp--preset--spacing--10)"><!-- wp:group {"layout":{"type":"constrained","contentSize":"380px","justifyContent":"center"}} -->
<div class="wp-block-group"><!-- wp:paragraph {"align":"center"} -->
<p class="has-text-align-center">"Starting my role as a WordPress administrator has been a joy, thanks to its intuitive interface, media management, security, and plugin integration, making website management a breeze."</p>
<!-- /wp:paragraph -->

<!-- wp:spacer {"height":"0"} -->
<div style="height:0" aria-hidden="true" class="wp-block-spacer"></div>
<!-- /wp:spacer -->

<!-- wp:group {"style":{"spacing":{"blockGap":"12px"}},"layout":{"type":"flex","flexWrap":"nowrap","justifyContent":"center","orientation":"vertical"}} -->
<div class="wp-block-group"><!-- wp:image {"id":13762,"width":"48px","aspectRatio":"1","scale":"cover","sizeSlug":"full","linkDestination":"none","style":{"border":{"radius":"100px"}}} -->
<figure class="wp-block-image size-full is-resized has-custom-border"><img src="https://dotcompatterns.files.wordpress.com/2024/01/paint-small.jpg" alt="" class="wp-image-13762" style="border-radius:100px;aspect-ratio:1;object-fit:cover;width:48px" /></figure>
<!-- /wp:image -->

<!-- wp:group {"style":{"spacing":{"blockGap":"6px"}},"layout":{"type":"default"}} -->
<div class="wp-block-group"><!-- wp:heading {"textAlign":"center","level":3,"style":{"typography":{"lineHeight":"1"}},"fontSize":"small"} -->
<h3 class="wp-block-heading has-text-align-center has-small-font-size" style="line-height:1">Jayla H.</h3>
<!-- /wp:heading -->

<!-- wp:paragraph {"align":"center","style":{"typography":{"lineHeight":"1"}},"fontSize":"small"} -->
<p class="has-text-align-center has-small-font-size" style="line-height:1">@wordpress</p>
<!-- /wp:paragraph --></div>
<!-- /wp:group --></div>
<!-- /wp:group --></div>
<!-- /wp:group --></div>
<!-- /wp:column -->

<!-- wp:column {"style":{"spacing":{"padding":{"top":"0","bottom":"0","left":"var:preset|spacing|10","right":"var:preset|spacing|10"}}}} -->
<div class="wp-block-column" style="padding-top:0;padding-right:var(--wp--preset--spacing--10);padding-bottom:0;padding-left:var(--wp--preset--spacing--10)"><!-- wp:group {"layout":{"type":"constrained","contentSize":"380px","justifyContent":"center"}} -->
<div class="wp-block-group"><!-- wp:paragraph {"align":"center"} -->
<p class="has-text-align-center">"Starting my role as a WordPress administrator has been a joy, thanks to its intuitive interface, media management, security, and plugin integration, making website management a breeze."</p>
<!-- /wp:paragraph -->

<!-- wp:spacer {"height":"0"} -->
<div style="height:0" aria-hidden="true" class="wp-block-spacer"></div>
<!-- /wp:spacer -->

<!-- wp:group {"style":{"spacing":{"blockGap":"12px"}},"layout":{"type":"flex","flexWrap":"nowrap","justifyContent":"center","orientation":"vertical"}} -->
<div class="wp-block-group"><!-- wp:image {"id":13762,"width":"48px","aspectRatio":"1","scale":"cover","sizeSlug":"full","linkDestination":"none","style":{"border":{"radius":"100px"}}} -->
<figure class="wp-block-image size-full is-resized has-custom-border"><img src="https://dotcompatterns.files.wordpress.com/2024/01/paint-small.jpg" alt="" class="wp-image-13762" style="border-radius:100px;aspect-ratio:1;object-fit:cover;width:48px" /></figure>
<!-- /wp:image -->

<!-- wp:group {"style":{"spacing":{"blockGap":"6px"}},"layout":{"type":"default"}} -->
<div class="wp-block-group"><!-- wp:heading {"textAlign":"center","level":4,"style":{"typography":{"lineHeight":"1"}},"fontSize":"small"} -->
<h4 class="wp-block-heading has-text-align-center has-small-font-size" style="line-height:1">Hope D.</h4>
<!-- /wp:heading -->

<!-- wp:paragraph {"align":"center","style":{"typography":{"lineHeight":"1"}},"fontSize":"small"} -->
<p class="has-text-align-center has-small-font-size" style="line-height:1">@wordpress</p>
<!-- /wp:paragraph --></div>
<!-- /wp:group --></div>
<!-- /wp:group --></div>
<!-- /wp:group --></div>
<!-- /wp:column --></div>
<!-- /wp:columns -->

<!-- wp:spacer {"height":"calc( 0.25 * var(\u002d\u002dwp\u002d\u002dstyle\u002d\u002droot\u002d\u002dpadding-right, var(\u002d\u002dwp\u002d\u002dcustom\u002d\u002dgap\u002d\u002dhorizontal)))"} -->
<div style="height:calc( 0.25 * var(--wp--style--root--padding-right, var(--wp--custom--gap--horizontal)))" aria-hidden="true" class="wp-block-spacer"></div>
<!-- /wp:spacer --></div>
<!-- /wp:group -->]]></content:encoded>
  <excerpt:encoded><![CDATA[]]></excerpt:encoded>
  <wp:post_id>12</wp:post_id>
  <wp:post_date>2024-08-03 10:43:42</wp:post_date>
  <wp:post_date_gmt>2024-08-03 05:13:42</wp:post_date_gmt>
  <wp:post_modified>2024-08-03 10:43:42</wp:post_modified>
  <wp:post_modified_gmt>2024-08-03 05:13:42</wp:post_modified_gmt>
  <wp:comment_status>closed</wp:comment_status>
  <wp:ping_status>closed</wp:ping_status>
  <wp:post_name>__trashed</wp:post_name>
  <wp:status>trash</wp:status>
  <wp:post_parent>0</wp:post_parent>
  <wp:menu_order>0</wp:menu_order>
  <wp:post_type>page</wp:post_type>
  <wp:post_password/>
  <wp:is_sticky>0</wp:is_sticky>
  <wp:postmeta>
    <wp:meta_key>_last_editor_used_jetpack</wp:meta_key>
    <wp:meta_value><![CDATA[block-editor]]></wp:meta_value>
  </wp:postmeta>
  <wp:postmeta>
    <wp:meta_key>_wp_trash_meta_status</wp:meta_key>
    <wp:meta_value><![CDATA[draft]]></wp:meta_value>
  </wp:postmeta>
  <wp:postmeta>
    <wp:meta_key>_wp_trash_meta_time</wp:meta_key>
    <wp:meta_value><![CDATA[1722662022]]></wp:meta_value>
  </wp:postmeta>
  <wp:postmeta>
    <wp:meta_key>_wp_desired_post_slug</wp:meta_key>
    <wp:meta_value><![CDATA[]]></wp:meta_value>
  </wp:postmeta>
</item>
<item>
  <title><![CDATA[Our Delights]]></title>
  <link>https://classicbicycles5925.wordpress.com/our-delights/</link>
  <pubDate>Sat, 03 Aug 2024 05:55:32 +0000</pubDate>
  <dc:creator>vinithkumargofficial</dc:creator>
  <guid isPermaLink="false">https://classicbicycles5925.wordpress.com/?page_id=14</guid>
  <description/>
  <content:encoded><![CDATA[<!-- wp:jetpack/slideshow {"align":"wide","autoplay":true,"ids":[16,17,18,19],"sizeSlug":"full"} -->
<div class="wp-block-jetpack-slideshow alignwide" data-autoplay="true" data-delay="3" data-effect="slide"><div class="wp-block-jetpack-slideshow_container swiper-container"><ul class="wp-block-jetpack-slideshow_swiper-wrapper swiper-wrapper"><li class="wp-block-jetpack-slideshow_slide swiper-slide"><figure><img alt="" class="wp-block-jetpack-slideshow_image wp-image-16" data-id="16" src="https://classicbicycles5925.wordpress.com/wp-content/uploads/2024/08/th-3.jpeg" /></figure></li><li class="wp-block-jetpack-slideshow_slide swiper-slide"><figure><img alt="" class="wp-block-jetpack-slideshow_image wp-image-17" data-id="17" src="https://classicbicycles5925.wordpress.com/wp-content/uploads/2024/08/th-2.jpeg" /></figure></li><li class="wp-block-jetpack-slideshow_slide swiper-slide"><figure><img alt="" class="wp-block-jetpack-slideshow_image wp-image-18" data-id="18" src="https://classicbicycles5925.wordpress.com/wp-content/uploads/2024/08/th-1.jpeg" /></figure></li><li class="wp-block-jetpack-slideshow_slide swiper-slide"><figure><img alt="" class="wp-block-jetpack-slideshow_image wp-image-19" data-id="19" src="https://classicbicycles5925.wordpress.com/wp-content/uploads/2024/08/th.jpeg" /></figure></li></ul><a class="wp-block-jetpack-slideshow_button-prev swiper-button-prev swiper-button-white" role="button"></a><a class="wp-block-jetpack-slideshow_button-next swiper-button-next swiper-button-white" role="button"></a><a aria-label="Pause Slideshow" class="wp-block-jetpack-slideshow_button-pause" role="button"></a><div class="wp-block-jetpack-slideshow_pagination swiper-pagination swiper-pagination-white"></div></div></div>
<!-- /wp:jetpack/slideshow -->

<!-- wp:pullquote -->
<figure class="wp-block-pullquote"><blockquote><p>“Life is like coffee, the darker it gets, the more it energizes.”&nbsp;</p><cite><strong>– Ankita Singhal</strong><br></cite></blockquote></figure>
<!-- /wp:pullquote -->]]></content:encoded>
  <excerpt:encoded><![CDATA[]]></excerpt:encoded>
  <wp:post_id>14</wp:post_id>
  <wp:post_date>2024-08-03 11:25:32</wp:post_date>
  <wp:post_date_gmt>2024-08-03 05:55:32</wp:post_date_gmt>
  <wp:post_modified>2024-08-03 11:25:32</wp:post_modified>
  <wp:post_modified_gmt>2024-08-03 05:55:32</wp:post_modified_gmt>
  <wp:comment_status>closed</wp:comment_status>
  <wp:ping_status>closed</wp:ping_status>
  <wp:post_name>our-delights</wp:post_name>
  <wp:status>publish</wp:status>
  <wp:post_parent>0</wp:post_parent>
  <wp:menu_order>0</wp:menu_order>
  <wp:post_type>page</wp:post_type>
  <wp:post_password/>
  <wp:is_sticky>0</wp:is_sticky>
  <wp:postmeta>
    <wp:meta_key>_last_editor_used_jetpack</wp:meta_key>
    <wp:meta_value><![CDATA[block-editor]]></wp:meta_value>
  </wp:postmeta>
  <wp:postmeta>
    <wp:meta_key>_publicize_pending</wp:meta_key>
    <wp:meta_value><![CDATA[1]]></wp:meta_value>
  </wp:postmeta>
  <wp:postmeta>
    <wp:meta_key>_rest_api_published</wp:meta_key>
    <wp:meta_value><![CDATA[1]]></wp:meta_value>
  </wp:postmeta>
  <wp:postmeta>
    <wp:meta_key>_rest_api_client_id</wp:meta_key>
    <wp:meta_value><![CDATA[-1]]></wp:meta_value>
  </wp:postmeta>
  <wp:postmeta>
    <wp:meta_key>_elasticsearch_data_sharing_indexed_on</wp:meta_key>
    <wp:meta_value><![CDATA[2024-08-03 04:45:28]]></wp:meta_value>
  </wp:postmeta>
</item>
<item>
  <title><![CDATA[th (3)]]></title>
  <link>https://classicbicycles5925.wordpress.com/our-delights/th-3/</link>
  <pubDate>Sat, 03 Aug 2024 03:42:47 +0000</pubDate>
  <dc:creator>vinithkumargofficial</dc:creator>
  <guid isPermaLink="false">http://classicbicycles5925.files.wordpress.com/2024/08/th-3.jpeg</guid>
  <description/>
  <content:encoded><![CDATA[]]></content:encoded>
  <excerpt:encoded><![CDATA[]]></excerpt:encoded>
  <wp:post_id>16</wp:post_id>
  <wp:post_date>2024-08-03 09:12:47</wp:post_date>
  <wp:post_date_gmt>2024-08-03 03:42:47</wp:post_date_gmt>
  <wp:post_modified>2024-08-03 09:12:47</wp:post_modified>
  <wp:post_modified_gmt>2024-08-03 03:42:47</wp:post_modified_gmt>
  <wp:comment_status>open</wp:comment_status>
  <wp:ping_status>closed</wp:ping_status>
  <wp:post_name>th-3</wp:post_name>
  <wp:status>inherit</wp:status>
  <wp:post_parent>14</wp:post_parent>
  <wp:menu_order>0</wp:menu_order>
  <wp:post_type>attachment</wp:post_type>
  <wp:post_password/>
  <wp:is_sticky>0</wp:is_sticky>
  <wp:attachment_url>https://classicbicycles5925.wordpress.com/wp-content/uploads/2024/08/th-3.jpeg</wp:attachment_url>
  <wp:postmeta>
    <wp:meta_key>_wp_attached_file</wp:meta_key>
    <wp:meta_value><![CDATA[/home/wpcom/public_html/wp-content/blogs.dir/6a4/235624238/files/2024/08/th-3.jpeg]]></wp:meta_value>
  </wp:postmeta>
  <wp:postmeta>
    <wp:meta_key>_wp_attachment_metadata</wp:meta_key>
    <wp:meta_value><![CDATA[a:6:{s:5:"width";i:293;s:6:"height";i:220;s:4:"file";s:82:"/home/wpcom/public_html/wp-content/blogs.dir/6a4/235624238/files/2024/08/th-3.jpeg";s:8:"filesize";i:12488;s:5:"sizes";a:0:{}s:10:"image_meta";a:12:{s:8:"aperture";s:1:"0";s:6:"credit";s:0:"";s:6:"camera";s:0:"";s:7:"caption";s:0:"";s:17:"created_timestamp";s:1:"0";s:9:"copyright";s:0:"";s:12:"focal_length";s:1:"0";s:3:"iso";s:1:"0";s:13:"shutter_speed";s:1:"0";s:5:"title";s:0:"";s:11:"orientation";s:1:"0";s:8:"keywords";a:0:{}}}]]></wp:meta_value>
  </wp:postmeta>
</item>
<item>
  <title><![CDATA[th (2)]]></title>
  <link>https://classicbicycles5925.wordpress.com/our-delights/th-2/</link>
  <pubDate>Sat, 03 Aug 2024 03:42:49 +0000</pubDate>
  <dc:creator>vinithkumargofficial</dc:creator>
  <guid isPermaLink="false">http://classicbicycles5925.files.wordpress.com/2024/08/th-2.jpeg</guid>
  <description/>
  <content:encoded><![CDATA[]]></content:encoded>
  <excerpt:encoded><![CDATA[]]></excerpt:encoded>
  <wp:post_id>17</wp:post_id>
  <wp:post_date>2024-08-03 09:12:49</wp:post_date>
  <wp:post_date_gmt>2024-08-03 03:42:49</wp:post_date_gmt>
  <wp:post_modified>2024-08-03 09:12:49</wp:post_modified>
  <wp:post_modified_gmt>2024-08-03 03:42:49</wp:post_modified_gmt>
  <wp:comment_status>open</wp:comment_status>
  <wp:ping_status>closed</wp:ping_status>
  <wp:post_name>th-2</wp:post_name>
  <wp:status>inherit</wp:status>
  <wp:post_parent>14</wp:post_parent>
  <wp:menu_order>0</wp:menu_order>
  <wp:post_type>attachment</wp:post_type>
  <wp:post_password/>
  <wp:is_sticky>0</wp:is_sticky>
  <wp:attachment_url>https://classicbicycles5925.wordpress.com/wp-content/uploads/2024/08/th-2.jpeg</wp:attachment_url>
  <wp:postmeta>
    <wp:meta_key>_wp_attached_file</wp:meta_key>
    <wp:meta_value><![CDATA[/home/wpcom/public_html/wp-content/blogs.dir/6a4/235624238/files/2024/08/th-2.jpeg]]></wp:meta_value>
  </wp:postmeta>
  <wp:postmeta>
    <wp:meta_key>_wp_attachment_metadata</wp:meta_key>
    <wp:meta_value><![CDATA[a:6:{s:5:"width";i:293;s:6:"height";i:220;s:4:"file";s:82:"/home/wpcom/public_html/wp-content/blogs.dir/6a4/235624238/files/2024/08/th-2.jpeg";s:8:"filesize";i:17496;s:5:"sizes";a:0:{}s:10:"image_meta";a:12:{s:8:"aperture";s:1:"0";s:6:"credit";s:0:"";s:6:"camera";s:0:"";s:7:"caption";s:0:"";s:17:"created_timestamp";s:1:"0";s:9:"copyright";s:0:"";s:12:"focal_length";s:1:"0";s:3:"iso";s:1:"0";s:13:"shutter_speed";s:1:"0";s:5:"title";s:0:"";s:11:"orientation";s:1:"0";s:8:"keywords";a:0:{}}}]]></wp:meta_value>
  </wp:postmeta>
</item>
<item>
  <title><![CDATA[th (1)]]></title>
  <link>https://classicbicycles5925.wordpress.com/our-delights/th-1/</link>
  <pubDate>Sat, 03 Aug 2024 03:42:51 +0000</pubDate>
  <dc:creator>vinithkumargofficial</dc:creator>
  <guid isPermaLink="false">http://classicbicycles5925.files.wordpress.com/2024/08/th-1.jpeg</guid>
  <description/>
  <content:encoded><![CDATA[]]></content:encoded>
  <excerpt:encoded><![CDATA[]]></excerpt:encoded>
  <wp:post_id>18</wp:post_id>
  <wp:post_date>2024-08-03 09:12:51</wp:post_date>
  <wp:post_date_gmt>2024-08-03 03:42:51</wp:post_date_gmt>
  <wp:post_modified>2024-08-03 09:12:51</wp:post_modified>
  <wp:post_modified_gmt>2024-08-03 03:42:51</wp:post_modified_gmt>
  <wp:comment_status>open</wp:comment_status>
  <wp:ping_status>closed</wp:ping_status>
  <wp:post_name>th-1</wp:post_name>
  <wp:status>inherit</wp:status>
  <wp:post_parent>14</wp:post_parent>
  <wp:menu_order>0</wp:menu_order>
  <wp:post_type>attachment</wp:post_type>
  <wp:post_password/>
  <wp:is_sticky>0</wp:is_sticky>
  <wp:attachment_url>https://classicbicycles5925.wordpress.com/wp-content/uploads/2024/08/th-1.jpeg</wp:attachment_url>
  <wp:postmeta>
    <wp:meta_key>_wp_attached_file</wp:meta_key>
    <wp:meta_value><![CDATA[/home/wpcom/public_html/wp-content/blogs.dir/6a4/235624238/files/2024/08/th-1.jpeg]]></wp:meta_value>
  </wp:postmeta>
  <wp:postmeta>
    <wp:meta_key>_wp_attachment_metadata</wp:meta_key>
    <wp:meta_value><![CDATA[a:6:{s:5:"width";i:330;s:6:"height";i:220;s:4:"file";s:82:"/home/wpcom/public_html/wp-content/blogs.dir/6a4/235624238/files/2024/08/th-1.jpeg";s:8:"filesize";i:17050;s:5:"sizes";a:0:{}s:10:"image_meta";a:12:{s:8:"aperture";s:1:"0";s:6:"credit";s:0:"";s:6:"camera";s:0:"";s:7:"caption";s:0:"";s:17:"created_timestamp";s:1:"0";s:9:"copyright";s:0:"";s:12:"focal_length";s:1:"0";s:3:"iso";s:1:"0";s:13:"shutter_speed";s:1:"0";s:5:"title";s:0:"";s:11:"orientation";s:1:"0";s:8:"keywords";a:0:{}}}]]></wp:meta_value>
  </wp:postmeta>
</item>
<item>
  <title><![CDATA[th]]></title>
  <link>https://classicbicycles5925.wordpress.com/our-delights/th/</link>
  <pubDate>Sat, 03 Aug 2024 03:42:52 +0000</pubDate>
  <dc:creator>vinithkumargofficial</dc:creator>
  <guid isPermaLink="false">http://classicbicycles5925.files.wordpress.com/2024/08/th.jpeg</guid>
  <description/>
  <content:encoded><![CDATA[]]></content:encoded>
  <excerpt:encoded><![CDATA[]]></excerpt:encoded>
  <wp:post_id>19</wp:post_id>
  <wp:post_date>2024-08-03 09:12:52</wp:post_date>
  <wp:post_date_gmt>2024-08-03 03:42:52</wp:post_date_gmt>
  <wp:post_modified>2024-08-03 09:12:52</wp:post_modified>
  <wp:post_modified_gmt>2024-08-03 03:42:52</wp:post_modified_gmt>
  <wp:comment_status>open</wp:comment_status>
  <wp:ping_status>closed</wp:ping_status>
  <wp:post_name>th</wp:post_name>
  <wp:status>inherit</wp:status>
  <wp:post_parent>14</wp:post_parent>
  <wp:menu_order>0</wp:menu_order>
  <wp:post_type>attachment</wp:post_type>
  <wp:post_password/>
  <wp:is_sticky>0</wp:is_sticky>
  <wp:attachment_url>https://classicbicycles5925.wordpress.com/wp-content/uploads/2024/08/th.jpeg</wp:attachment_url>
  <wp:postmeta>
    <wp:meta_key>_wp_attached_file</wp:meta_key>
    <wp:meta_value><![CDATA[/home/wpcom/public_html/wp-content/blogs.dir/6a4/235624238/files/2024/08/th.jpeg]]></wp:meta_value>
  </wp:postmeta>
  <wp:postmeta>
    <wp:meta_key>_wp_attachment_metadata</wp:meta_key>
    <wp:meta_value><![CDATA[a:6:{s:5:"width";i:331;s:6:"height";i:220;s:4:"file";s:80:"/home/wpcom/public_html/wp-content/blogs.dir/6a4/235624238/files/2024/08/th.jpeg";s:8:"filesize";i:18490;s:5:"sizes";a:0:{}s:10:"image_meta";a:12:{s:8:"aperture";s:1:"0";s:6:"credit";s:0:"";s:6:"camera";s:0:"";s:7:"caption";s:0:"";s:17:"created_timestamp";s:1:"0";s:9:"copyright";s:0:"";s:12:"focal_length";s:1:"0";s:3:"iso";s:1:"0";s:13:"shutter_speed";s:1:"0";s:5:"title";s:0:"";s:11:"orientation";s:1:"0";s:8:"keywords";a:0:{}}}]]></wp:meta_value>
  </wp:postmeta>
</item>
<item>
  <title><![CDATA[Cafe Icon]]></title>
  <link>https://classicbicycles5925.wordpress.com/our-delights/cafe-icon/</link>
  <pubDate>Sat, 03 Aug 2024 03:42:54 +0000</pubDate>
  <dc:creator>vinithkumargofficial</dc:creator>
  <guid isPermaLink="false">http://classicbicycles5925.files.wordpress.com/2024/08/cafe-icon.jpeg</guid>
  <description/>
  <content:encoded><![CDATA[]]></content:encoded>
  <excerpt:encoded><![CDATA[]]></excerpt:encoded>
  <wp:post_id>20</wp:post_id>
  <wp:post_date>2024-08-03 09:12:54</wp:post_date>
  <wp:post_date_gmt>2024-08-03 03:42:54</wp:post_date_gmt>
  <wp:post_modified>2024-08-03 09:12:54</wp:post_modified>
  <wp:post_modified_gmt>2024-08-03 03:42:54</wp:post_modified_gmt>
  <wp:comment_status>open</wp:comment_status>
  <wp:ping_status>closed</wp:ping_status>
  <wp:post_name>cafe-icon</wp:post_name>
  <wp:status>inherit</wp:status>
  <wp:post_parent>14</wp:post_parent>
  <wp:menu_order>0</wp:menu_order>
  <wp:post_type>attachment</wp:post_type>
  <wp:post_password/>
  <wp:is_sticky>0</wp:is_sticky>
  <wp:attachment_url>https://classicbicycles5925.wordpress.com/wp-content/uploads/2024/08/cafe-icon.jpeg</wp:attachment_url>
  <wp:postmeta>
    <wp:meta_key>_wp_attached_file</wp:meta_key>
    <wp:meta_value><![CDATA[/home/wpcom/public_html/wp-content/blogs.dir/6a4/235624238/files/2024/08/cafe-icon.jpeg]]></wp:meta_value>
  </wp:postmeta>
  <wp:postmeta>
    <wp:meta_key>_wp_attachment_metadata</wp:meta_key>
    <wp:meta_value><![CDATA[a:6:{s:5:"width";i:166;s:6:"height";i:220;s:4:"file";s:87:"/home/wpcom/public_html/wp-content/blogs.dir/6a4/235624238/files/2024/08/cafe-icon.jpeg";s:8:"filesize";i:6799;s:5:"sizes";a:0:{}s:10:"image_meta";a:12:{s:8:"aperture";s:1:"0";s:6:"credit";s:0:"";s:6:"camera";s:0:"";s:7:"caption";s:0:"";s:17:"created_timestamp";s:1:"0";s:9:"copyright";s:0:"";s:12:"focal_length";s:1:"0";s:3:"iso";s:1:"0";s:13:"shutter_speed";s:1:"0";s:5:"title";s:0:"";s:11:"orientation";s:1:"0";s:8:"keywords";a:0:{}}}]]></wp:meta_value>
  </wp:postmeta>
</item>
<item>
  <title><![CDATA[Jetpack t-shirt]]></title>
  <link>https://classicbicycles5925.wordpress.com/?post_type=jp_pay_product&amp;p=23</link>
  <pubDate/>
  <dc:creator>vinithkumargofficial</dc:creator>
  <guid isPermaLink="false">https://classicbicycles5925.wordpress.com/?post_type=jp_pay_product&amp;p=23</guid>
  <description/>
  <content:encoded><![CDATA[Take flight in ultimate comfort with this stylish t-shirt featuring the Jetpack logo.]]></content:encoded>
  <excerpt:encoded><![CDATA[]]></excerpt:encoded>
  <wp:post_id>23</wp:post_id>
  <wp:post_date>2024-08-03 10:10:26</wp:post_date>
  <wp:post_date_gmt>0000-00-00 00:00:00</wp:post_date_gmt>
  <wp:post_modified>2024-08-03 10:10:26</wp:post_modified>
  <wp:post_modified_gmt>0000-00-00 00:00:00</wp:post_modified_gmt>
  <wp:comment_status>closed</wp:comment_status>
  <wp:ping_status>closed</wp:ping_status>
  <wp:post_name/>
  <wp:status>draft</wp:status>
  <wp:post_parent>0</wp:post_parent>
  <wp:menu_order>0</wp:menu_order>
  <wp:post_type>jp_pay_product</wp:post_type>
  <wp:post_password/>
  <wp:is_sticky>0</wp:is_sticky>
  <wp:postmeta>
    <wp:meta_key>spay_price</wp:meta_key>
    <wp:meta_value><![CDATA[25]]></wp:meta_value>
  </wp:postmeta>
  <wp:postmeta>
    <wp:meta_key>spay_currency</wp:meta_key>
    <wp:meta_value><![CDATA[USD]]></wp:meta_value>
  </wp:postmeta>
  <wp:postmeta>
    <wp:meta_key>spay_multiple</wp:meta_key>
    <wp:meta_value><![CDATA[]]></wp:meta_value>
  </wp:postmeta>
  <wp:postmeta>
    <wp:meta_key>spay_email</wp:meta_key>
    <wp:meta_value><![CDATA[jetpack@jetpack.com]]></wp:meta_value>
  </wp:postmeta>
</item>
<item>
  <title><![CDATA[Jetpack t-shirt]]></title>
  <link>https://classicbicycles5925.wordpress.com/?post_type=jp_pay_product&amp;p=24</link>
  <pubDate/>
  <dc:creator>vinithkumargofficial</dc:creator>
  <guid isPermaLink="false">https://classicbicycles5925.wordpress.com/?post_type=jp_pay_product&amp;p=24</guid>
  <description/>
  <content:encoded><![CDATA[Take flight in ultimate comfort with this stylish t-shirt featuring the Jetpack logo.]]></content:encoded>
  <excerpt:encoded><![CDATA[]]></excerpt:encoded>
  <wp:post_id>24</wp:post_id>
  <wp:post_date>2024-08-03 10:10:26</wp:post_date>
  <wp:post_date_gmt>0000-00-00 00:00:00</wp:post_date_gmt>
  <wp:post_modified>2024-08-03 10:10:26</wp:post_modified>
  <wp:post_modified_gmt>0000-00-00 00:00:00</wp:post_modified_gmt>
  <wp:comment_status>closed</wp:comment_status>
  <wp:ping_status>closed</wp:ping_status>
  <wp:post_name/>
  <wp:status>draft</wp:status>
  <wp:post_parent>0</wp:post_parent>
  <wp:menu_order>0</wp:menu_order>
  <wp:post_type>jp_pay_product</wp:post_type>
  <wp:post_password/>
  <wp:is_sticky>0</wp:is_sticky>
  <wp:postmeta>
    <wp:meta_key>spay_price</wp:meta_key>
    <wp:meta_value><![CDATA[25]]></wp:meta_value>
  </wp:postmeta>
  <wp:postmeta>
    <wp:meta_key>spay_currency</wp:meta_key>
    <wp:meta_value><![CDATA[USD]]></wp:meta_value>
  </wp:postmeta>
  <wp:postmeta>
    <wp:meta_key>spay_multiple</wp:meta_key>
    <wp:meta_value><![CDATA[]]></wp:meta_value>
  </wp:postmeta>
  <wp:postmeta>
    <wp:meta_key>spay_email</wp:meta_key>
    <wp:meta_value><![CDATA[jetpack@jetpack.com]]></wp:meta_value>
  </wp:postmeta>
</item>
<item>
  <title><![CDATA[th]]></title>
  <link>https://classicbicycles5925.wordpress.com/our-delights/th-4/</link>
  <pubDate>Sat, 03 Aug 2024 04:49:42 +0000</pubDate>
  <dc:creator>vinithkumargofficial</dc:creator>
  <guid isPermaLink="false">http://classicbicycles5925.files.wordpress.com/2024/08/th-4.jpeg</guid>
  <description/>
  <content:encoded><![CDATA[]]></content:encoded>
  <excerpt:encoded><![CDATA[]]></excerpt:encoded>
  <wp:post_id>25</wp:post_id>
  <wp:post_date>2024-08-03 10:19:42</wp:post_date>
  <wp:post_date_gmt>2024-08-03 04:49:42</wp:post_date_gmt>
  <wp:post_modified>2024-08-03 10:19:42</wp:post_modified>
  <wp:post_modified_gmt>2024-08-03 04:49:42</wp:post_modified_gmt>
  <wp:comment_status>open</wp:comment_status>
  <wp:ping_status>closed</wp:ping_status>
  <wp:post_name>th-4</wp:post_name>
  <wp:status>inherit</wp:status>
  <wp:post_parent>14</wp:post_parent>
  <wp:menu_order>0</wp:menu_order>
  <wp:post_type>attachment</wp:post_type>
  <wp:post_password/>
  <wp:is_sticky>0</wp:is_sticky>
  <wp:attachment_url>https://classicbicycles5925.wordpress.com/wp-content/uploads/2024/08/th-4.jpeg</wp:attachment_url>
  <wp:postmeta>
    <wp:meta_key>_wp_attached_file</wp:meta_key>
    <wp:meta_value><![CDATA[/home/wpcom/public_html/wp-content/blogs.dir/6a4/235624238/files/2024/08/th-4.jpeg]]></wp:meta_value>
  </wp:postmeta>
  <wp:postmeta>
    <wp:meta_key>_wp_attachment_metadata</wp:meta_key>
    <wp:meta_value><![CDATA[a:6:{s:5:"width";i:331;s:6:"height";i:220;s:4:"file";s:82:"/home/wpcom/public_html/wp-content/blogs.dir/6a4/235624238/files/2024/08/th-4.jpeg";s:8:"filesize";i:18490;s:5:"sizes";a:0:{}s:10:"image_meta";a:12:{s:8:"aperture";s:1:"0";s:6:"credit";s:0:"";s:6:"camera";s:0:"";s:7:"caption";s:0:"";s:17:"created_timestamp";s:1:"0";s:9:"copyright";s:0:"";s:12:"focal_length";s:1:"0";s:3:"iso";s:1:"0";s:13:"shutter_speed";s:1:"0";s:5:"title";s:0:"";s:11:"orientation";s:1:"0";s:8:"keywords";a:0:{}}}]]></wp:meta_value>
  </wp:postmeta>
</item>
<item>
  <title><![CDATA[Blog Home]]></title>
  <link>https://classicbicycles5925.wordpress.com/2024/08/03/home/</link>
  <pubDate>Sat, 03 Aug 2024 05:25:06 +0000</pubDate>
  <dc:creator>vinithkumargofficial</dc:creator>
  <guid isPermaLink="false">https://classicbicycles5925.wordpress.com/2024/08/03/home/</guid>
  <description/>
  <content:encoded><![CDATA[<!-- wp:template-part {"slug":"header","theme":"twentytwentyfour","tagName":"header","area":"header"} /-->

<!-- wp:group {"tagName":"main","style":{"spacing":{"blockGap":"0","margin":{"top":"0"}}},"layout":{"type":"default"}} -->
<main class="wp-block-group" style="margin-top:0"><!-- wp:paragraph -->
<p></p>
<!-- /wp:paragraph -->

<!-- wp:group {"align":"full","style":{"spacing":{"padding":{"top":"var:preset|spacing|50","bottom":"var:preset|spacing|50","left":"var:preset|spacing|50","right":"var:preset|spacing|50"}},"position":{"type":""}},"layout":{"type":"default"}} -->
<div class="wp-block-group alignfull" style="padding-top:var(--wp--preset--spacing--50);padding-right:var(--wp--preset--spacing--50);padding-bottom:var(--wp--preset--spacing--50);padding-left:var(--wp--preset--spacing--50)"><!-- wp:heading {"textAlign":"center","level":1,"fontSize":"x-large"} -->
<h1 class="wp-block-heading has-text-align-center has-x-large-font-size">Welcome to our world !</h1>
<!-- /wp:heading -->

<!-- wp:group {"style":{"spacing":{"blockGap":"0px"}},"layout":{"type":"constrained","contentSize":"565px"}} -->
<div class="wp-block-group"><!-- wp:spacer {"height":"1.25rem"} -->
<div style="height:1.25rem" aria-hidden="true" class="wp-block-spacer"></div>
<!-- /wp:spacer -->

<!-- wp:spacer {"height":"1.25rem"} -->
<div style="height:1.25rem" aria-hidden="true" class="wp-block-spacer"></div>
<!-- /wp:spacer -->

<!-- wp:buttons {"layout":{"type":"flex","justifyContent":"center"}} -->
<div class="wp-block-buttons"></div>
<!-- /wp:buttons -->

<!-- wp:paragraph {"align":"center","style":{"elements":{"link":{"color":{"text":"var:preset|color|base-2"},":hover":{"color":{"text":"var:preset|color|contrast-2"}}}},"spacing":{"padding":{"top":"var:preset|spacing|30","bottom":"var:preset|spacing|30","left":"0","right":"0"}}},"backgroundColor":"contrast","textColor":"base-2"} -->
<p class="has-text-align-center has-base-2-color has-contrast-background-color has-text-color has-background has-link-color" style="padding-top:var(--wp--preset--spacing--30);padding-right:0;padding-bottom:var(--wp--preset--spacing--30);padding-left:0"><strong>"Brewing Happiness, One Cup at a Time</strong>"</p>
<!-- /wp:paragraph --></div>
<!-- /wp:group -->

<!-- wp:spacer {"height":"var:preset|spacing|10","style":{"layout":[]}} -->
<div style="height:var(--wp--preset--spacing--10)" aria-hidden="true" class="wp-block-spacer"></div>
<!-- /wp:spacer -->

<!-- wp:columns {"align":"wide","style":{"spacing":{"blockGap":{"top":"var:preset|spacing|50","left":"var:preset|spacing|60"}}}} -->
<div class="wp-block-columns alignwide"><!-- wp:column {"verticalAlignment":"center","width":"40%"} -->
<div class="wp-block-column is-vertically-aligned-center" style="flex-basis:40%"><!-- wp:heading {"level":3,"className":"is-style-asterisk"} -->
<h3 class="wp-block-heading is-style-asterisk">Welcome to Cafe.in,</h3>
<!-- /wp:heading -->

<!-- wp:paragraph -->
<p>Where every cup of coffee tells a story. Nestled in the heart of the city, our cozy cafe is your perfect escape from the hustle and bustle.</p>
<!-- /wp:paragraph -->

<!-- wp:paragraph -->
<p>Join us for a cup, a chat, and a moment of tranquility."</p>
<!-- /wp:paragraph --></div>
<!-- /wp:column -->

<!-- wp:column {"width":"50%"} -->
<div class="wp-block-column" style="flex-basis:50%"><!-- wp:image {"id":36,"width":"489px","height":"auto","sizeSlug":"large","linkDestination":"none","className":"is-style-rounded"} -->
<figure class="wp-block-image size-large is-resized is-style-rounded"><img src="https://classicbicycles5925.wordpress.com/wp-content/uploads/2024/08/th-3-1.jpeg?w=293" alt="" class="wp-image-36" style="width:489px;height:auto" /></figure>
<!-- /wp:image --></div>
<!-- /wp:column --></div>
<!-- /wp:columns --></div>
<!-- /wp:group -->

<!-- wp:group {"align":"full","style":{"spacing":{"padding":{"top":"var:preset|spacing|50","bottom":"var:preset|spacing|50","left":"var:preset|spacing|50","right":"var:preset|spacing|50"},"margin":{"top":"0","bottom":"0"}}},"layout":{"type":"constrained"}} -->
<div class="wp-block-group alignfull" style="margin-top:0;margin-bottom:0;padding-top:var(--wp--preset--spacing--50);padding-right:var(--wp--preset--spacing--50);padding-bottom:var(--wp--preset--spacing--50);padding-left:var(--wp--preset--spacing--50)"><!-- wp:group {"align":"wide","style":{"spacing":{"blockGap":"0"}},"layout":{"type":"constrained"}} -->
<div class="wp-block-group alignwide"><!-- wp:columns {"align":"wide","style":{"spacing":{"blockGap":{"top":"var:preset|spacing|50","left":"var:preset|spacing|60"}}}} -->
<div class="wp-block-columns alignwide"><!-- wp:column {"width":"50%"} -->
<div class="wp-block-column" style="flex-basis:50%"><!-- wp:image {"id":37,"width":"453px","height":"auto","sizeSlug":"large","linkDestination":"none","className":"is-style-rounded"} -->
<figure class="wp-block-image size-large is-resized is-style-rounded"><img src="https://classicbicycles5925.wordpress.com/wp-content/uploads/2024/08/th-2-1.jpeg?w=293" alt="" class="wp-image-37" style="width:453px;height:auto" /></figure>
<!-- /wp:image -->

<!-- wp:buttons {"layout":{"type":"flex","justifyContent":"center","verticalAlignment":"center"}} -->
<div class="wp-block-buttons"></div>
<!-- /wp:buttons --></div>
<!-- /wp:column -->

<!-- wp:column {"width":"50%"} -->
<div class="wp-block-column" style="flex-basis:50%"><!-- wp:buttons {"layout":{"type":"flex","justifyContent":"center"}} -->
<div class="wp-block-buttons"></div>
<!-- /wp:buttons -->

<!-- wp:buttons -->
<div class="wp-block-buttons"></div>
<!-- /wp:buttons -->

<!-- wp:paragraph {"align":"center","style":{"elements":{"link":{"color":{"text":"var:preset|color|contrast"},":hover":{"color":{"text":"var:preset|color|contrast"}}}}},"backgroundColor":"base-2","textColor":"contrast"} -->
<p class="has-text-align-center has-contrast-color has-base-2-background-color has-text-color has-background has-link-color"><strong>Whether you’re here for a quick espresso or a leisurely latte, we’re dedicated to making every visit memorable</strong></p>
<!-- /wp:paragraph -->

<!-- wp:buttons {"layout":{"type":"flex","justifyContent":"center"}} -->
<div class="wp-block-buttons"><!-- wp:button -->
<div class="wp-block-button"><a class="wp-block-button__link wp-element-button" href="https://classicbicycles5925.wordpress.com/our-delights/">Our Delights </a></div>
<!-- /wp:button --></div>
<!-- /wp:buttons --></div>
<!-- /wp:column --></div>
<!-- /wp:columns -->

<!-- wp:buttons {"layout":{"type":"flex"}} -->
<div class="wp-block-buttons"></div>
<!-- /wp:buttons --></div>
<!-- /wp:group --></div>
<!-- /wp:group -->

<!-- wp:group {"metadata":{"name":"Testimonial"},"align":"full","style":{"spacing":{"padding":{"top":"var:preset|spacing|60","bottom":"var:preset|spacing|60","left":"var:preset|spacing|60","right":"var:preset|spacing|60"},"margin":{"top":"0","bottom":"0"}}},"backgroundColor":"contrast","textColor":"base","layout":{"type":"constrained","contentSize":""}} -->
<div class="wp-block-group alignfull has-base-color has-contrast-background-color has-text-color has-background" style="margin-top:0;margin-bottom:0;padding-top:var(--wp--preset--spacing--60);padding-right:var(--wp--preset--spacing--60);padding-bottom:var(--wp--preset--spacing--60);padding-left:var(--wp--preset--spacing--60)"><!-- wp:group {"layout":{"type":"constrained"}} -->
<div class="wp-block-group"><!-- wp:paragraph {"align":"center","style":{"typography":{"lineHeight":"1.2"}},"textColor":"base","fontSize":"x-large","fontFamily":"heading"} -->
<p class="has-text-align-center has-base-color has-text-color has-heading-font-family has-x-large-font-size" style="line-height:1.2">
			<em>“Études has saved us thousands of hours of work and has unlocked insights we never thought possible.”</em>
		</p>
<!-- /wp:paragraph -->

<!-- wp:spacer {"height":"var:preset|spacing|10"} -->
<div style="height:var(--wp--preset--spacing--10)" aria-hidden="true" class="wp-block-spacer"></div>
<!-- /wp:spacer --></div>
<!-- /wp:group --></div>
<!-- /wp:group -->

<!-- wp:group {"align":"full","style":{"spacing":{"padding":{"top":"var:preset|spacing|50","bottom":"var:preset|spacing|50","left":"var:preset|spacing|50","right":"var:preset|spacing|50"},"margin":{"top":"0","bottom":"0"}}},"layout":{"type":"constrained"}} -->
<div class="wp-block-group alignfull" style="margin-top:0;margin-bottom:0;padding-top:var(--wp--preset--spacing--50);padding-right:var(--wp--preset--spacing--50);padding-bottom:var(--wp--preset--spacing--50);padding-left:var(--wp--preset--spacing--50)"></div>
<!-- /wp:group -->

<!-- wp:group {"align":"full","style":{"spacing":{"padding":{"top":"var:preset|spacing|50","bottom":"var:preset|spacing|50","left":"var:preset|spacing|50","right":"var:preset|spacing|50"},"margin":{"top":"0","bottom":"0"}}},"layout":{"type":"constrained"}} -->
<div class="wp-block-group alignfull" style="margin-top:0;margin-bottom:0;padding-top:var(--wp--preset--spacing--50);padding-right:var(--wp--preset--spacing--50);padding-bottom:var(--wp--preset--spacing--50);padding-left:var(--wp--preset--spacing--50)"><!-- wp:group {"align":"wide","style":{"border":{"radius":"16px"},"spacing":{"padding":{"top":"var:preset|spacing|40","bottom":"var:preset|spacing|40","left":"var:preset|spacing|50","right":"var:preset|spacing|50"}}},"backgroundColor":"base-2","layout":{"type":"constrained"}} -->
<div class="wp-block-group alignwide has-base-2-background-color has-background" style="border-radius:16px;padding-top:var(--wp--preset--spacing--40);padding-right:var(--wp--preset--spacing--50);padding-bottom:var(--wp--preset--spacing--40);padding-left:var(--wp--preset--spacing--50)"><!-- wp:spacer {"height":"var:preset|spacing|10"} -->
<div style="height:var(--wp--preset--spacing--10)" aria-hidden="true" class="wp-block-spacer"></div>
<!-- /wp:spacer -->

<!-- wp:heading {"textAlign":"center","fontSize":"x-large"} -->
<h2 class="wp-block-heading has-text-align-center has-x-large-font-size">Join 900+ subscribers</h2>
<!-- /wp:heading -->

<!-- wp:paragraph {"align":"center"} -->
<p class="has-text-align-center">Stay in the loop with everything you need to know.</p>
<!-- /wp:paragraph -->

<!-- wp:buttons {"layout":{"type":"flex","justifyContent":"center"}} -->
<div class="wp-block-buttons"><!-- wp:button -->
<div class="wp-block-button"><a class="wp-block-button__link wp-element-button">Sign up</a></div>
<!-- /wp:button --></div>
<!-- /wp:buttons -->

<!-- wp:spacer {"height":"var:preset|spacing|10"} -->
<div style="height:var(--wp--preset--spacing--10)" aria-hidden="true" class="wp-block-spacer"></div>
<!-- /wp:spacer --></div>
<!-- /wp:group --></div>
<!-- /wp:group --></main>
<!-- /wp:group -->

<!-- wp:template-part {"slug":"footer","theme":"twentytwentyfour","tagName":"footer","area":"footer"} /-->]]></content:encoded>
  <excerpt:encoded><![CDATA[Displays the latest posts as either the site homepage or as the "Posts page" as defined under reading settings. If it exists, the Front Page template overrides this template when posts are shown on the homepage.]]></excerpt:encoded>
  <wp:post_id>28</wp:post_id>
  <wp:post_date>2024-08-03 10:55:06</wp:post_date>
  <wp:post_date_gmt>2024-08-03 05:25:06</wp:post_date_gmt>
  <wp:post_modified>2024-08-03 21:08:29</wp:post_modified>
  <wp:post_modified_gmt>2024-08-03 15:38:29</wp:post_modified_gmt>
  <wp:comment_status>closed</wp:comment_status>
  <wp:ping_status>closed</wp:ping_status>
  <wp:post_name>home</wp:post_name>
  <wp:status>publish</wp:status>
  <wp:post_parent>0</wp:post_parent>
  <wp:menu_order>0</wp:menu_order>
  <wp:post_type>wp_template</wp:post_type>
  <wp:post_password/>
  <wp:is_sticky>0</wp:is_sticky>
  <category domain="wp_theme" nicename="twentytwentyfour"><![CDATA[twentytwentyfour]]></category>
  <wp:postmeta>
    <wp:meta_key>origin</wp:meta_key>
    <wp:meta_value><![CDATA[theme]]></wp:meta_value>
  </wp:postmeta>
  <wp:postmeta>
    <wp:meta_key>_publicize_pending</wp:meta_key>
    <wp:meta_value><![CDATA[1]]></wp:meta_value>
  </wp:postmeta>
</item>
<item>
  <title><![CDATA[Footer]]></title>
  <link>https://classicbicycles5925.wordpress.com/2024/08/03/footer/</link>
  <pubDate>Sat, 03 Aug 2024 06:56:24 +0000</pubDate>
  <dc:creator>vinithkumargofficial</dc:creator>
  <guid isPermaLink="false">https://classicbicycles5925.wordpress.com/2024/08/03/footer/</guid>
  <description/>
  <content:encoded><![CDATA[<!-- wp:group {"style":{"spacing":{"padding":{"top":"var:preset|spacing|50","bottom":"var:preset|spacing|50"}}},"layout":{"type":"constrained"}} -->
<div class="wp-block-group" style="padding-top:var(--wp--preset--spacing--50);padding-bottom:var(--wp--preset--spacing--50)"><!-- wp:columns {"align":"wide"} -->
<div class="wp-block-columns alignwide"><!-- wp:column {"width":"30%"} -->
<div class="wp-block-column" style="flex-basis:30%"><!-- wp:group {"style":{"dimensions":{"minHeight":""},"layout":{"selfStretch":"fit","flexSize":null}},"layout":{"type":"flex","orientation":"vertical"}} -->
<div class="wp-block-group"><!-- wp:site-logo {"width":20,"shouldSyncIcon":true,"style":{"layout":{"selfStretch":"fit","flexSize":null}}} /-->

<!-- wp:site-title {"level":0,"fontSize":"medium"} /-->

<!-- wp:site-tagline {"fontSize":"small"} /--></div>
<!-- /wp:group --></div>
<!-- /wp:column -->

<!-- wp:column {"width":"20%"} -->
<div class="wp-block-column" style="flex-basis:20%"></div>
<!-- /wp:column -->

<!-- wp:column {"width":"50%"} -->
<div class="wp-block-column" style="flex-basis:50%"><!-- wp:group {"layout":{"type":"flex","flexWrap":"wrap","justifyContent":"space-between","verticalAlignment":"top"}} -->
<div class="wp-block-group"><!-- wp:group {"layout":{"type":"flex","orientation":"vertical","justifyContent":"stretch"}} -->
<div class="wp-block-group"><!-- wp:heading {"className":"has-medium-font-size","style":{"typography":{"fontStyle":"normal","fontWeight":"600"}},"fontFamily":"body"} -->
<h2 class="wp-block-heading has-medium-font-size has-body-font-family" style="font-style:normal;font-weight:600">About</h2>
<!-- /wp:heading -->

<!-- wp:group {"style":{"spacing":{"blockGap":"var:preset|spacing|10"}},"layout":{"type":"flex","orientation":"vertical"}} -->
<div class="wp-block-group"><!-- wp:navigation {"overlayMenu":"never","style":{"typography":{"fontStyle":"normal","fontWeight":"400"},"spacing":{"blockGap":"var:preset|spacing|10"}},"fontSize":"small","layout":{"type":"flex","orientation":"vertical"}} -->
<!-- wp:navigation-link {"label":"Team","url":"#"} /-->

<!-- wp:navigation-link {"label":"History","url":"#"} /-->

<!-- wp:navigation-link {"label":"Careers","url":"#"} /-->
<!-- /wp:navigation --></div>
<!-- /wp:group --></div>
<!-- /wp:group -->

<!-- wp:group {"layout":{"type":"flex","orientation":"vertical","justifyContent":"stretch"}} -->
<div class="wp-block-group"><!-- wp:heading {"className":"has-medium-font-size","style":{"typography":{"fontStyle":"normal","fontWeight":"600"}},"fontFamily":"body"} -->
<h2 class="wp-block-heading has-medium-font-size has-body-font-family" style="font-style:normal;font-weight:600">Privacy</h2>
<!-- /wp:heading -->

<!-- wp:group {"style":{"spacing":{"blockGap":"var:preset|spacing|10"}},"layout":{"type":"flex","orientation":"vertical"}} -->
<div class="wp-block-group"><!-- wp:navigation {"ref":49,"overlayMenu":"never","style":{"typography":{"fontStyle":"normal","fontWeight":"400"},"spacing":{"blockGap":"var:preset|spacing|10"}},"fontSize":"small","layout":{"type":"flex","orientation":"vertical"}} /--></div>
<!-- /wp:group --></div>
<!-- /wp:group -->

<!-- wp:group {"layout":{"type":"flex","orientation":"vertical","justifyContent":"stretch"}} -->
<div class="wp-block-group"><!-- wp:heading {"className":"has-medium-font-size","style":{"typography":{"fontStyle":"normal","fontWeight":"600"}},"fontFamily":"body"} -->
<h2 class="wp-block-heading has-medium-font-size has-body-font-family" style="font-style:normal;font-weight:600">Social</h2>
<!-- /wp:heading -->

<!-- wp:group {"style":{"spacing":{"blockGap":"var:preset|spacing|10"}},"layout":{"type":"flex","orientation":"vertical"}} -->
<div class="wp-block-group"><!-- wp:navigation {"overlayMenu":"never","style":{"typography":{"fontStyle":"normal","fontWeight":"400"},"spacing":{"blockGap":"var:preset|spacing|10"}},"fontSize":"small","layout":{"type":"flex","orientation":"vertical"}} -->
<!-- wp:navigation-link {"label":"Facebook","url":"#"} /-->

<!-- wp:navigation-link {"label":"Instagram","url":"#"} /-->

<!-- wp:navigation-link {"label":"Twitter/X","url":"#"} /-->
<!-- /wp:navigation --></div>
<!-- /wp:group --></div>
<!-- /wp:group --></div>
<!-- /wp:group --></div>
<!-- /wp:column --></div>
<!-- /wp:columns --></div>
<!-- /wp:group -->]]></content:encoded>
  <excerpt:encoded><![CDATA[]]></excerpt:encoded>
  <wp:post_id>39</wp:post_id>
  <wp:post_date>2024-08-03 12:26:24</wp:post_date>
  <wp:post_date_gmt>2024-08-03 06:56:24</wp:post_date_gmt>
  <wp:post_modified>2024-08-03 22:02:20</wp:post_modified>
  <wp:post_modified_gmt>2024-08-03 16:32:20</wp:post_modified_gmt>
  <wp:comment_status>closed</wp:comment_status>
  <wp:ping_status>closed</wp:ping_status>
  <wp:post_name>footer</wp:post_name>
  <wp:status>publish</wp:status>
  <wp:post_parent>0</wp:post_parent>
  <wp:menu_order>0</wp:menu_order>
  <wp:post_type>wp_template_part</wp:post_type>
  <wp:post_password/>
  <wp:is_sticky>0</wp:is_sticky>
  <category domain="wp_template_part_area" nicename="footer"><![CDATA[footer]]></category>
  <category domain="wp_theme" nicename="twentytwentyfour"><![CDATA[twentytwentyfour]]></category>
  <wp:postmeta>
    <wp:meta_key>origin</wp:meta_key>
    <wp:meta_value><![CDATA[theme]]></wp:meta_value>
  </wp:postmeta>
  <wp:postmeta>
    <wp:meta_key>_publicize_pending</wp:meta_key>
    <wp:meta_value><![CDATA[1]]></wp:meta_value>
  </wp:postmeta>
</item>
<item>
  <title><![CDATA[Jetpack t-shirt]]></title>
  <link>https://classicbicycles5925.wordpress.com/?post_type=jp_pay_product&amp;p=30</link>
  <pubDate/>
  <dc:creator>vinithkumargofficial</dc:creator>
  <guid isPermaLink="false">https://classicbicycles5925.wordpress.com/?post_type=jp_pay_product&amp;p=30</guid>
  <description/>
  <content:encoded><![CDATA[Take flight in ultimate comfort with this stylish t-shirt featuring the Jetpack logo.]]></content:encoded>
  <excerpt:encoded><![CDATA[]]></excerpt:encoded>
  <wp:post_id>30</wp:post_id>
  <wp:post_date>2024-08-03 10:58:17</wp:post_date>
  <wp:post_date_gmt>0000-00-00 00:00:00</wp:post_date_gmt>
  <wp:post_modified>2024-08-03 10:58:17</wp:post_modified>
  <wp:post_modified_gmt>0000-00-00 00:00:00</wp:post_modified_gmt>
  <wp:comment_status>closed</wp:comment_status>
  <wp:ping_status>closed</wp:ping_status>
  <wp:post_name/>
  <wp:status>draft</wp:status>
  <wp:post_parent>0</wp:post_parent>
  <wp:menu_order>0</wp:menu_order>
  <wp:post_type>jp_pay_product</wp:post_type>
  <wp:post_password/>
  <wp:is_sticky>0</wp:is_sticky>
  <wp:postmeta>
    <wp:meta_key>spay_price</wp:meta_key>
    <wp:meta_value><![CDATA[25]]></wp:meta_value>
  </wp:postmeta>
  <wp:postmeta>
    <wp:meta_key>spay_currency</wp:meta_key>
    <wp:meta_value><![CDATA[USD]]></wp:meta_value>
  </wp:postmeta>
  <wp:postmeta>
    <wp:meta_key>spay_multiple</wp:meta_key>
    <wp:meta_value><![CDATA[]]></wp:meta_value>
  </wp:postmeta>
  <wp:postmeta>
    <wp:meta_key>spay_email</wp:meta_key>
    <wp:meta_value><![CDATA[jetpack@jetpack.com]]></wp:meta_value>
  </wp:postmeta>
</item>
<item>
  <title><![CDATA[Jetpack t-shirt]]></title>
  <link>https://classicbicycles5925.wordpress.com/?post_type=jp_pay_product&amp;p=31</link>
  <pubDate/>
  <dc:creator>vinithkumargofficial</dc:creator>
  <guid isPermaLink="false">https://classicbicycles5925.wordpress.com/?post_type=jp_pay_product&amp;p=31</guid>
  <description/>
  <content:encoded><![CDATA[Take flight in ultimate comfort with this stylish t-shirt featuring the Jetpack logo.]]></content:encoded>
  <excerpt:encoded><![CDATA[]]></excerpt:encoded>
  <wp:post_id>31</wp:post_id>
  <wp:post_date>2024-08-03 10:58:17</wp:post_date>
  <wp:post_date_gmt>0000-00-00 00:00:00</wp:post_date_gmt>
  <wp:post_modified>2024-08-03 10:58:17</wp:post_modified>
  <wp:post_modified_gmt>0000-00-00 00:00:00</wp:post_modified_gmt>
  <wp:comment_status>closed</wp:comment_status>
  <wp:ping_status>closed</wp:ping_status>
  <wp:post_name/>
  <wp:status>draft</wp:status>
  <wp:post_parent>0</wp:post_parent>
  <wp:menu_order>0</wp:menu_order>
  <wp:post_type>jp_pay_product</wp:post_type>
  <wp:post_password/>
  <wp:is_sticky>0</wp:is_sticky>
  <wp:postmeta>
    <wp:meta_key>spay_price</wp:meta_key>
    <wp:meta_value><![CDATA[25]]></wp:meta_value>
  </wp:postmeta>
  <wp:postmeta>
    <wp:meta_key>spay_currency</wp:meta_key>
    <wp:meta_value><![CDATA[USD]]></wp:meta_value>
  </wp:postmeta>
  <wp:postmeta>
    <wp:meta_key>spay_multiple</wp:meta_key>
    <wp:meta_value><![CDATA[]]></wp:meta_value>
  </wp:postmeta>
  <wp:postmeta>
    <wp:meta_key>spay_email</wp:meta_key>
    <wp:meta_value><![CDATA[jetpack@jetpack.com]]></wp:meta_value>
  </wp:postmeta>
</item>
<item>
  <title><![CDATA[th (3)]]></title>
  <link>https://classicbicycles5925.wordpress.com/?attachment_id=36</link>
  <pubDate>Sat, 03 Aug 2024 06:36:32 +0000</pubDate>
  <dc:creator>vinithkumargofficial</dc:creator>
  <guid isPermaLink="false">http://classicbicycles5925.files.wordpress.com/2024/08/th-3-1.jpeg</guid>
  <description/>
  <content:encoded><![CDATA[]]></content:encoded>
  <excerpt:encoded><![CDATA[]]></excerpt:encoded>
  <wp:post_id>36</wp:post_id>
  <wp:post_date>2024-08-03 12:06:32</wp:post_date>
  <wp:post_date_gmt>2024-08-03 06:36:32</wp:post_date_gmt>
  <wp:post_modified>2024-08-03 12:06:32</wp:post_modified>
  <wp:post_modified_gmt>2024-08-03 06:36:32</wp:post_modified_gmt>
  <wp:comment_status>open</wp:comment_status>
  <wp:ping_status>closed</wp:ping_status>
  <wp:post_name>th-3-2</wp:post_name>
  <wp:status>inherit</wp:status>
  <wp:post_parent>28</wp:post_parent>
  <wp:menu_order>0</wp:menu_order>
  <wp:post_type>attachment</wp:post_type>
  <wp:post_password/>
  <wp:is_sticky>0</wp:is_sticky>
  <wp:attachment_url>https://classicbicycles5925.wordpress.com/wp-content/uploads/2024/08/th-3-1.jpeg</wp:attachment_url>
  <wp:postmeta>
    <wp:meta_key>_wp_attached_file</wp:meta_key>
    <wp:meta_value><![CDATA[/home/wpcom/public_html/wp-content/blogs.dir/6a4/235624238/files/2024/08/th-3-1.jpeg]]></wp:meta_value>
  </wp:postmeta>
  <wp:postmeta>
    <wp:meta_key>_wp_attachment_metadata</wp:meta_key>
    <wp:meta_value><![CDATA[a:6:{s:5:"width";i:293;s:6:"height";i:220;s:4:"file";s:84:"/home/wpcom/public_html/wp-content/blogs.dir/6a4/235624238/files/2024/08/th-3-1.jpeg";s:8:"filesize";i:12488;s:5:"sizes";a:0:{}s:10:"image_meta";a:12:{s:8:"aperture";s:1:"0";s:6:"credit";s:0:"";s:6:"camera";s:0:"";s:7:"caption";s:0:"";s:17:"created_timestamp";s:1:"0";s:9:"copyright";s:0:"";s:12:"focal_length";s:1:"0";s:3:"iso";s:1:"0";s:13:"shutter_speed";s:1:"0";s:5:"title";s:0:"";s:11:"orientation";s:1:"0";s:8:"keywords";a:0:{}}}]]></wp:meta_value>
  </wp:postmeta>
</item>
<item>
  <title><![CDATA[th (2)]]></title>
  <link>https://classicbicycles5925.wordpress.com/?attachment_id=37</link>
  <pubDate>Sat, 03 Aug 2024 06:37:11 +0000</pubDate>
  <dc:creator>vinithkumargofficial</dc:creator>
  <guid isPermaLink="false">http://classicbicycles5925.files.wordpress.com/2024/08/th-2-1.jpeg</guid>
  <description/>
  <content:encoded><![CDATA[]]></content:encoded>
  <excerpt:encoded><![CDATA[]]></excerpt:encoded>
  <wp:post_id>37</wp:post_id>
  <wp:post_date>2024-08-03 12:07:11</wp:post_date>
  <wp:post_date_gmt>2024-08-03 06:37:11</wp:post_date_gmt>
  <wp:post_modified>2024-08-03 12:07:11</wp:post_modified>
  <wp:post_modified_gmt>2024-08-03 06:37:11</wp:post_modified_gmt>
  <wp:comment_status>open</wp:comment_status>
  <wp:ping_status>closed</wp:ping_status>
  <wp:post_name>th-2-2</wp:post_name>
  <wp:status>inherit</wp:status>
  <wp:post_parent>28</wp:post_parent>
  <wp:menu_order>0</wp:menu_order>
  <wp:post_type>attachment</wp:post_type>
  <wp:post_password/>
  <wp:is_sticky>0</wp:is_sticky>
  <wp:attachment_url>https://classicbicycles5925.wordpress.com/wp-content/uploads/2024/08/th-2-1.jpeg</wp:attachment_url>
  <wp:postmeta>
    <wp:meta_key>_wp_attached_file</wp:meta_key>
    <wp:meta_value><![CDATA[/home/wpcom/public_html/wp-content/blogs.dir/6a4/235624238/files/2024/08/th-2-1.jpeg]]></wp:meta_value>
  </wp:postmeta>
  <wp:postmeta>
    <wp:meta_key>_wp_attachment_metadata</wp:meta_key>
    <wp:meta_value><![CDATA[a:6:{s:5:"width";i:293;s:6:"height";i:220;s:4:"file";s:84:"/home/wpcom/public_html/wp-content/blogs.dir/6a4/235624238/files/2024/08/th-2-1.jpeg";s:8:"filesize";i:17496;s:5:"sizes";a:0:{}s:10:"image_meta";a:12:{s:8:"aperture";s:1:"0";s:6:"credit";s:0:"";s:6:"camera";s:0:"";s:7:"caption";s:0:"";s:17:"created_timestamp";s:1:"0";s:9:"copyright";s:0:"";s:12:"focal_length";s:1:"0";s:3:"iso";s:1:"0";s:13:"shutter_speed";s:1:"0";s:5:"title";s:0:"";s:11:"orientation";s:1:"0";s:8:"keywords";a:0:{}}}]]></wp:meta_value>
  </wp:postmeta>
</item>
<item>
  <title><![CDATA[Contact  Page]]></title>
  <link>https://classicbicycles5925.wordpress.com/43-2/</link>
  <pubDate>Sat, 03 Aug 2024 15:46:25 +0000</pubDate>
  <dc:creator>vinithkumargofficial</dc:creator>
  <guid isPermaLink="false">https://classicbicycles5925.wordpress.com/?page_id=43</guid>
  <description/>
  <content:encoded><![CDATA[<!-- wp:group {"metadata":{"name":"Contact"},"align":"full","style":{"spacing":{"padding":{"top":"calc( 0.5 * var(\u002d\u002dwp\u002d\u002dstyle\u002d\u002droot\u002d\u002dpadding-right, var(\u002d\u002dwp\u002d\u002dcustom\u002d\u002dgap\u002d\u002dhorizontal)))","bottom":"calc( 0.5 * var(\u002d\u002dwp\u002d\u002dstyle\u002d\u002droot\u002d\u002dpadding-right, var(\u002d\u002dwp\u002d\u002dcustom\u002d\u002dgap\u002d\u002dhorizontal)))","left":"var(\u002d\u002dwp\u002d\u002dstyle\u002d\u002droot\u002d\u002dpadding-left, var(\u002d\u002dwp\u002d\u002dcustom\u002d\u002dgap\u002d\u002dhorizontal))","right":"var(\u002d\u002dwp\u002d\u002dstyle\u002d\u002droot\u002d\u002dpadding-right, var(\u002d\u002dwp\u002d\u002dcustom\u002d\u002dgap\u002d\u002dhorizontal))"},"margin":{"top":"0","bottom":"0"}}},"layout":{"type":"constrained","justifyContent":"center"}} -->
<div class="wp-block-group alignfull" style="margin-top:0;margin-bottom:0;padding-top:calc( 0.5 * var(--wp--style--root--padding-right, var(--wp--custom--gap--horizontal)));padding-right:var(--wp--style--root--padding-right, var(--wp--custom--gap--horizontal));padding-bottom:calc( 0.5 * var(--wp--style--root--padding-right, var(--wp--custom--gap--horizontal)));padding-left:var(--wp--style--root--padding-left, var(--wp--custom--gap--horizontal))"><!-- wp:spacer {"height":"calc( 0.25 * var(\u002d\u002dwp\u002d\u002dstyle\u002d\u002droot\u002d\u002dpadding-right, var(\u002d\u002dwp\u002d\u002dcustom\u002d\u002dgap\u002d\u002dhorizontal)))"} -->
<div style="height:calc( 0.25 * var(--wp--style--root--padding-right, var(--wp--custom--gap--horizontal)))" aria-hidden="true" class="wp-block-spacer"></div>
<!-- /wp:spacer -->

<!-- wp:group {"layout":{"type":"constrained","contentSize":"480px"}} -->
<div class="wp-block-group"><!-- wp:heading {"textAlign":"center","align":"wide","style":{"spacing":{"margin":{"top":"0","bottom":"0"}}}} -->
<h2 class="wp-block-heading alignwide has-text-align-center" style="margin-top:0;margin-bottom:0">Contact us</h2>
<!-- /wp:heading -->

<!-- wp:paragraph {"align":"center","className":"is-contact-description"} -->
<p class="has-text-align-center is-contact-description">Welcome to a world of limitless possibilities, where the journey is as exhilarating as the destination, and where every moment is an opportunity to make your mark on the canvas of existence. The only limit is the extent of your imagination.</p>
<!-- /wp:paragraph -->

<!-- wp:spacer {"height":"var:preset|spacing|20","style":{"layout":[]}} -->
<div style="height:var(--wp--preset--spacing--20)" aria-hidden="true" class="wp-block-spacer"></div>
<!-- /wp:spacer -->

<!-- wp:jetpack/contact-form {"subject":"Contact form submission","to":"","className":"is-style-outlined"} -->
<div class="wp-block-jetpack-contact-form is-style-outlined"><!-- wp:jetpack/field-name {"label":"First name","required":true,"requiredText":"(required)","width":50,"borderRadius":5} /-->

<!-- wp:jetpack/field-name {"label":"Last name","required":true,"requiredText":"(required)","width":50,"borderRadius":5} /-->

<!-- wp:jetpack/field-email {"required":true,"requiredText":"(required)","borderRadius":5} /-->

<!-- wp:jetpack/field-textarea {"label":"Message","requiredText":"(required)","borderRadius":5} /-->

<!-- wp:jetpack/button {"element":"button","text":"Send","width":"","align":"center","lock":{"remove":true}} /--></div>
<!-- /wp:jetpack/contact-form --></div>
<!-- /wp:group -->

<!-- wp:spacer {"height":"calc( 0.25 * var(\u002d\u002dwp\u002d\u002dstyle\u002d\u002droot\u002d\u002dpadding-right, var(\u002d\u002dwp\u002d\u002dcustom\u002d\u002dgap\u002d\u002dhorizontal)))"} -->
<div style="height:calc( 0.25 * var(--wp--style--root--padding-right, var(--wp--custom--gap--horizontal)))" aria-hidden="true" class="wp-block-spacer"></div>
<!-- /wp:spacer --></div>
<!-- /wp:group -->

<!-- wp:paragraph -->
<p></p>
<!-- /wp:paragraph -->]]></content:encoded>
  <excerpt:encoded><![CDATA[]]></excerpt:encoded>
  <wp:post_id>43</wp:post_id>
  <wp:post_date>2024-08-03 21:16:25</wp:post_date>
  <wp:post_date_gmt>2024-08-03 15:46:25</wp:post_date_gmt>
  <wp:post_modified>2024-08-03 22:00:36</wp:post_modified>
  <wp:post_modified_gmt>2024-08-03 16:30:36</wp:post_modified_gmt>
  <wp:comment_status>closed</wp:comment_status>
  <wp:ping_status>closed</wp:ping_status>
  <wp:post_name>43-2</wp:post_name>
  <wp:status>publish</wp:status>
  <wp:post_parent>0</wp:post_parent>
  <wp:menu_order>0</wp:menu_order>
  <wp:post_type>page</wp:post_type>
  <wp:post_password/>
  <wp:is_sticky>0</wp:is_sticky>
  <wp:postmeta>
    <wp:meta_key>_last_editor_used_jetpack</wp:meta_key>
    <wp:meta_value><![CDATA[block-editor]]></wp:meta_value>
  </wp:postmeta>
  <wp:postmeta>
    <wp:meta_key>_publicize_pending</wp:meta_key>
    <wp:meta_value><![CDATA[1]]></wp:meta_value>
  </wp:postmeta>
  <wp:postmeta>
    <wp:meta_key>jetpack_seo_noindex</wp:meta_key>
    <wp:meta_value><![CDATA[]]></wp:meta_value>
  </wp:postmeta>
  <wp:postmeta>
    <wp:meta_key>_jetpack_post_was_ever_published</wp:meta_key>
    <wp:meta_value><![CDATA[]]></wp:meta_value>
  </wp:postmeta>
  <wp:postmeta>
    <wp:meta_key>reader_suggested_tags</wp:meta_key>
    <wp:meta_value><![CDATA[]]></wp:meta_value>
  </wp:postmeta>
  <wp:postmeta>
    <wp:meta_key>_starter_page_template</wp:meta_key>
    <wp:meta_value><![CDATA[centered-heading-with-contact-form]]></wp:meta_value>
  </wp:postmeta>
  <wp:postmeta>
    <wp:meta_key>_wpcom_template_layout_category</wp:meta_key>
    <wp:meta_value><![CDATA[a:1:{i:0;s:7:"contact";}]]></wp:meta_value>
  </wp:postmeta>
  <wp:postmeta>
    <wp:meta_key>footnotes</wp:meta_key>
    <wp:meta_value><![CDATA[]]></wp:meta_value>
  </wp:postmeta>
  <wp:postmeta>
    <wp:meta_key>_g_feedback_shortcode_d29ce99147eb0c9ac10723bc180f5a477c44b3cd</wp:meta_key>
    <wp:meta_value><![CDATA[
<div class="wp-block-jetpack-contact-form is-style-outlined">[contact-field label="First name" required="1" requiredText="(required)" width="50" borderRadius="5" type="name"/]

[contact-field label="Last name" required="1" requiredText="(required)" width="50" borderRadius="5" type="name"/]

[contact-field required="1" requiredText="(required)" borderRadius="5" type="email" label="Email"/]

[contact-field label="Message" requiredText="(required)" borderRadius="5" type="textarea"/]

<div class="wp-block-jetpack-button aligncenter wp-block-button" style="max-width: 100%"><button class="wp-block-button__link" style="width: ; max-width: 100%" data-id-attr="placeholder" type="submit">Send</button></div></div>
]]></wp:meta_value>
  </wp:postmeta>
  <wp:postmeta>
    <wp:meta_key>_g_feedback_shortcode_atts_d29ce99147eb0c9ac10723bc180f5a477c44b3cd</wp:meta_key>
    <wp:meta_value><![CDATA[a:17:{s:2:"to";s:0:"";s:7:"subject";s:23:"Contact form submission";s:12:"show_subject";s:2:"no";s:6:"widget";i:0;s:14:"block_template";N;s:19:"block_template_part";N;s:2:"id";i:43;s:18:"submit_button_text";s:6:"Submit";s:14:"customThankyou";s:0:"";s:21:"customThankyouHeading";s:26:"Your message has been sent";s:21:"customThankyouMessage";s:30:"Thank you for your submission!";s:22:"customThankyouRedirect";s:0:"";s:10:"jetpackCRM";b:1;s:9:"className";s:17:"is-style-outlined";s:9:"postToUrl";N;s:14:"salesforceData";N;s:12:"hiddenFields";N;}]]></wp:meta_value>
  </wp:postmeta>
  <wp:postmeta>
    <wp:meta_key>_elasticsearch_data_sharing_indexed_on</wp:meta_key>
    <wp:meta_value><![CDATA[2024-08-03 15:44:36]]></wp:meta_value>
  </wp:postmeta>
</item>
<item>
  <title><![CDATA[Vinith Kumar - 2024-08-03 21:21:55]]></title>
  <link>https://classicbicycles5925.wordpress.com/?post_type=feedback&amp;p=46</link>
  <pubDate>Sat, 03 Aug 2024 15:51:55 +0000</pubDate>
  <dc:creator/>
  <guid isPermaLink="false">https://classicbicycles5925.wordpress.com/?post_type=feedback&amp;p=46</guid>
  <description/>
  <content:encoded><![CDATA[vcchg
<!--more-->
AUTHOR: Vinith Kumar
AUTHOR EMAIL: vinithkumarg631@gmail.com
AUTHOR URL: 
SUBJECT: Contact form submission
IP: 152.58.198.192
JSON_DATA
{"1_First name":"Vinith Kumar","2_Last name":"G","3_Email":"vinithkumarg631@gmail.com","4_Message":"vcchg","email_marketing_consent":"","entry_title":"","entry_permalink":"https:\/\/classicbicycles5925.wordpress.com\/43-2\/","feedback_id":"c02e5e780945b355be451931fed6be39"}]]></content:encoded>
  <excerpt:encoded><![CDATA[]]></excerpt:encoded>
  <wp:post_id>46</wp:post_id>
  <wp:post_date>2024-08-03 21:21:55</wp:post_date>
  <wp:post_date_gmt>2024-08-03 15:51:55</wp:post_date_gmt>
  <wp:post_modified>2024-08-03 21:21:55</wp:post_modified>
  <wp:post_modified_gmt>2024-08-03 15:51:55</wp:post_modified_gmt>
  <wp:comment_status>closed</wp:comment_status>
  <wp:ping_status>closed</wp:ping_status>
  <wp:post_name>c02e5e780945b355be451931fed6be39</wp:post_name>
  <wp:status>publish</wp:status>
  <wp:post_parent>43</wp:post_parent>
  <wp:menu_order>0</wp:menu_order>
  <wp:post_type>feedback</wp:post_type>
  <wp:post_password/>
  <wp:is_sticky>0</wp:is_sticky>
  <wp:postmeta>
    <wp:meta_key>_feedback_extra_fields</wp:meta_key>
    <wp:meta_value><![CDATA[a:1:{s:11:"5_Last name";s:1:"G";}]]></wp:meta_value>
  </wp:postmeta>
  <wp:postmeta>
    <wp:meta_key>_feedback_email</wp:meta_key>
    <wp:meta_value><![CDATA[a:2:{s:2:"to";a:1:{i:0;s:55:"vinithkumarg.official <vinithkumarg.official@gmail.com>";}s:7:"message";s:642:"
<!doctype html>
<html xmlns="http://www.w3.org/1999/xhtml">
<body>
<!-- title -->


<!-- response -->
<p><p><strong>First name:</strong><br /><span>Vinith Kumar</span></p><p><strong>Last name:</strong><br /><span>G</span></p><p><strong>Email:</strong><br /><span>vinithkumarg631@gmail.com</span></p><p><strong>Message:</strong><br /><span>vcchg</span></p></p>


<!-- footer -->
<p><br /><hr /><span style="font-size: 12px">Time: August 3, 2024 at 9:21 pm<br />IP Address: 152.58.198.192<br />Source URL: https://classicbicycles5925.wordpress.com/43-2/<br /><br />Sent by a verified WordPress.com user.<br /></span><hr /></p>
</body>
</html>
";}]]></wp:meta_value>
  </wp:postmeta>
</item>
<item>
  <title><![CDATA[Footer navigation]]></title>
  <link>https://classicbicycles5925.wordpress.com/2024/08/03/footer-navigation/</link>
  <pubDate>Sat, 03 Aug 2024 16:32:20 +0000</pubDate>
  <dc:creator>vinithkumargofficial</dc:creator>
  <guid isPermaLink="false">https://classicbicycles5925.wordpress.com/?p=49</guid>
  <description/>
  <content:encoded><![CDATA[<!-- wp:navigation-link {"label":"Privacy Policy","url":"#"} /-->

<!-- wp:navigation-link {"label":"Terms and Conditions","url":"#"} /-->

<!-- wp:navigation-link {"label":"Contact Us","url":"#https://classicbicycles5925.wordpress.com/43-2/","kind":"custom"} /-->]]></content:encoded>
  <excerpt:encoded><![CDATA[]]></excerpt:encoded>
  <wp:post_id>49</wp:post_id>
  <wp:post_date>2024-08-03 22:02:20</wp:post_date>
  <wp:post_date_gmt>2024-08-03 16:32:20</wp:post_date_gmt>
  <wp:post_modified>2024-08-03 22:02:20</wp:post_modified>
  <wp:post_modified_gmt>2024-08-03 16:32:20</wp:post_modified_gmt>
  <wp:comment_status>closed</wp:comment_status>
  <wp:ping_status>closed</wp:ping_status>
  <wp:post_name>footer-navigation</wp:post_name>
  <wp:status>publish</wp:status>
  <wp:post_parent>0</wp:post_parent>
  <wp:menu_order>0</wp:menu_order>
  <wp:post_type>wp_navigation</wp:post_type>
  <wp:post_password/>
  <wp:is_sticky>0</wp:is_sticky>
  <wp:postmeta>
    <wp:meta_key>_publicize_pending</wp:meta_key>
    <wp:meta_value><![CDATA[1]]></wp:meta_value>
  </wp:postmeta>
</item>
  </channel>
</rss>
